h_code,gu,administrative_dong,area_km2,source_site_count,source_location_count,air_emission_site_count,waste_site_count,designated_waste_site_count,incineration_site_count,complaint_count,complaint_post_count,vulnerable_facility_count,stable_high_facility_count,sensitive_facility_count,median_nearest_source_m,complaint_note
4812725000,마산회원구,내서읍,56.291,390,283,66,32,12,11,1.0,1.0,96,14,13,192.2,민원은 노출도 점수에 포함하지 않음 (맥락 정보)
4812563000,마산합포구,오동동,1.758,80,60,7,13,0,6,2.0,2.0,28,13,5,98.19999999999999,민원은 노출도 점수에 포함하지 않음 (맥락 정보)
4812757000,마산회원구,양덕2동,1.691,25,22,6,5,2,2,3.0,3.0,40,10,9,136.9,민원은 노출도 점수에 포함하지 않음 (맥락 정보)
4812132000,의창구,대산면,33.033,331,259,21,24,0,4,2.0,2.0,54,9,10,154.75,민원은 노출도 점수에 포함하지 않음 (맥락 정보)
4812565000,마산합포구,산호동,0.874,26,22,2,1,0,1,0.0,0.0,17,8,3,76.8,민원은 노출도 점수에 포함하지 않음 (맥락 정보)
4812761000,마산회원구,구암2동,0.764,9,6,1,4,1,0,0.0,0.0,16,7,7,142.35,민원은 노출도 점수에 포함하지 않음 (맥락 정보)
4812964000,진해구,웅동1동,32.389,186,148,4,5,5,0,3.0,3.0,23,7,6,175.3,민원은 노출도 점수에 포함하지 않음 (맥락 정보)
4812762000,마산회원구,봉암동,5.65,703,502,119,41,24,19,0.0,0.0,7,5,0,165.3,민원은 노출도 점수에 포함하지 않음 (맥락 정보)
4812556500,마산합포구,반월중앙동,1.098,12,11,4,3,0,3,0.0,0.0,26,5,0,157.05,민원은 노출도 점수에 포함하지 않음 (맥락 정보)
4812533000,마산합포구,진북면,46.623,313,240,62,46,0,9,3.0,3.0,26,4,2,193.5,민원은 노출도 점수에 포함하지 않음 (맥락 정보)
4812152000,의창구,팔룡동,14.607,1231,444,108,67,0,15,1.0,1.0,29,3,26,215.3,민원은 노출도 점수에 포함하지 않음 (맥락 정보)
4812352000,성산구,중앙동,4.629,271,95,42,42,0,28,19.0,19.0,37,3,7,195.6,민원은 노출도 점수에 포함하지 않음 (맥락 정보)
4812356000,성산구,성주동,25.959,263,151,49,52,0,24,6.0,6.0,32,1,11,192.1,민원은 노출도 점수에 포함하지 않음 (맥락 정보)
4812351500,성산구,용지동,2.643,24,22,5,3,0,0,0.0,0.0,23,1,3,190.1,민원은 노출도 점수에 포함하지 않음 (맥락 정보)
4812153000,의창구,명곡동,6.943,43,41,4,3,0,1,1.0,1.0,38,1,1,172.6,민원은 노출도 점수에 포함하지 않음 (맥락 정보)
4812357000,성산구,웅남동,39.428,1987,558,108,140,0,57,2.0,2.0,18,1,3,782.4,민원은 노출도 점수에 포함하지 않음 (맥락 정보)
4812151000,의창구,의창동,7.625,42,37,8,3,0,1,4.0,4.0,35,0,2,127.2,민원은 노출도 점수에 포함하지 않음 (맥락 정보)
4812125000,의창구,동읍,59.255,125,103,9,5,0,4,2.0,2.0,79,0,0,159.0,민원은 노출도 점수에 포함하지 않음 (맥락 정보)
4812131000,의창구,북면,74.529,220,191,16,15,0,1,5.0,5.0,110,0,0,324.3,민원은 노출도 점수에 포함하지 않음 (맥락 정보)
4812154000,의창구,봉림동,12.674,34,20,4,8,0,7,0.0,0.0,32,0,1,317.15,민원은 노출도 점수에 포함하지 않음 (맥락 정보)
4812353000,성산구,상남동,1.183,13,12,5,1,0,1,2.0,2.0,25,0,0,520.7,민원은 노출도 점수에 포함하지 않음 (맥락 정보)
4812355000,성산구,가음정동,2.943,13,7,2,4,0,3,4.0,4.0,43,0,1,280.8,민원은 노출도 점수에 포함하지 않음 (맥락 정보)
4812351000,성산구,반송동,1.92,9,9,2,2,0,1,0.0,0.0,36,0,4,306.3,민원은 노출도 점수에 포함하지 않음 (맥락 정보)
4812554000,마산합포구,문화동,1.866,9,8,3,3,0,3,0.0,0.0,18,0,1,179.0,민원은 노출도 점수에 포함하지 않음 (맥락 정보)
4812553000,마산합포구,월영동,2.671,14,13,3,2,0,1,1.0,1.0,62,0,4,320.05,민원은 노출도 점수에 포함하지 않음 (맥락 정보)
4812552000,마산합포구,가포동,5.41,27,19,3,5,0,1,0.0,0.0,10,0,0,319.8,민원은 노출도 점수에 포함하지 않음 (맥락 정보)
4812551000,마산합포구,현동,19.93,12,9,2,5,0,3,0.0,0.0,23,0,0,301.1,민원은 노출도 점수에 포함하지 않음 (맥락 정보)
4812534000,마산합포구,진전면,78.824,51,45,13,10,0,1,2.0,2.0,4,0,0,213.0,민원은 노출도 점수에 포함하지 않음 (맥락 정보)
4812532000,마산합포구,진동면,33.782,57,52,6,7,0,2,2.0,2.0,47,0,0,293.3,민원은 노출도 점수에 포함하지 않음 (맥락 정보)
4812531000,마산합포구,구산면,51.828,30,22,3,7,0,2,2.0,2.0,32,0,0,1044.1,민원은 노출도 점수에 포함하지 않음 (맥락 정보)
4812354000,성산구,사파동,6.493,8,8,2,2,0,0,3.0,3.0,44,0,0,280.75,민원은 노출도 점수에 포함하지 않음 (맥락 정보)
4812564000,마산합포구,합포동,0.575,2,2,0,0,0,0,1.0,1.0,18,0,4,181.9,민원은 노출도 점수에 포함하지 않음 (맥락 정보)
4812751000,마산회원구,회원1동,0.68,9,9,0,1,1,0,0.0,0.0,11,0,0,124.7,민원은 노출도 점수에 포함하지 않음 (맥락 정보)
4812754500,마산회원구,석전동,2.094,20,20,3,3,2,0,3.0,3.0,25,0,8,100.0,민원은 노출도 점수에 포함하지 않음 (맥락 정보)
4812752000,마산회원구,회원2동,4.581,1,1,0,1,1,0,0.0,0.0,21,0,0,246.0,민원은 노출도 점수에 포함하지 않음 (맥락 정보)
4812755000,마산회원구,회성동,8.525,17,16,0,1,1,0,1.0,1.0,15,0,0,139.4,민원은 노출도 점수에 포함하지 않음 (맥락 정보)
4812561000,마산합포구,교방동,2.998,10,8,2,0,0,0,1.0,1.0,24,0,0,327.4,민원은 노출도 점수에 포함하지 않음 (맥락 정보)
4812557000,마산합포구,완월동,2.487,4,3,2,1,0,1,1.0,1.0,16,0,0,200.4,민원은 노출도 점수에 포함하지 않음 (맥락 정보)
4812558000,마산합포구,자산동,1.175,2,2,0,0,0,0,1.0,1.0,21,0,0,163.6,민원은 노출도 점수에 포함하지 않음 (맥락 정보)
4812759000,마산회원구,합성2동,2.546,14,13,3,3,3,1,0.0,0.0,5,0,2,168.8,민원은 노출도 점수에 포함하지 않음 (맥락 정보)
4812758000,마산회원구,합성1동,4.054,2,2,0,0,0,0,1.0,1.0,11,0,0,249.7,민원은 노출도 점수에 포함하지 않음 (맥락 정보)
4812756000,마산회원구,양덕1동,1.015,12,10,0,1,1,0,0.0,0.0,14,0,5,164.8,민원은 노출도 점수에 포함하지 않음 (맥락 정보)
4812760000,마산회원구,구암1동,3.473,3,3,0,1,1,1,0.0,0.0,13,0,0,236.8,민원은 노출도 점수에 포함하지 않음 (맥락 정보)
4812954000,진해구,여좌동,4.704,6,6,1,1,1,0,1.0,1.0,18,0,0,372.4,민원은 노출도 점수에 포함하지 않음 (맥락 정보)
4812955000,진해구,태백동,1.221,8,8,1,0,0,0,1.0,1.0,7,0,0,86.4,민원은 노출도 점수에 포함하지 않음 (맥락 정보)
4812956000,진해구,경화동,3.042,6,6,0,0,0,0,4.0,4.0,14,0,0,205.5,민원은 노출도 점수에 포함하지 않음 (맥락 정보)
4812953000,진해구,충무동,18.131,31,30,1,5,5,2,3.0,3.0,30,0,3,104.4,민원은 노출도 점수에 포함하지 않음 (맥락 정보)
4812957000,진해구,병암동,1.234,8,8,2,1,1,1,0.0,0.0,13,0,0,159.7,민원은 노출도 점수에 포함하지 않음 (맥락 정보)
4812958000,진해구,석동,2.259,9,9,1,2,2,2,2.0,2.0,22,0,0,106.30000000000001,민원은 노출도 점수에 포함하지 않음 (맥락 정보)
4812960000,진해구,자은동,5.442,10,9,1,0,0,0,0.0,0.0,29,0,0,197.9,민원은 노출도 점수에 포함하지 않음 (맥락 정보)
4812959000,진해구,이동,0.904,7,7,0,2,2,0,1.0,1.0,10,0,0,133.8,민원은 노출도 점수에 포함하지 않음 (맥락 정보)
4812961000,진해구,덕산동,2.429,16,15,1,5,5,3,0.0,0.0,15,0,0,141.5,민원은 노출도 점수에 포함하지 않음 (맥락 정보)
4812962000,진해구,풍호동,8.573,39,31,8,10,10,7,3.0,3.0,35,0,11,129.5,민원은 노출도 점수에 포함하지 않음 (맥락 정보)
4812963000,진해구,웅천동,28.19,61,50,10,14,14,6,0.0,0.0,36,0,0,340.15,민원은 노출도 점수에 포함하지 않음 (맥락 정보)
4812965000,진해구,웅동2동,15.281,69,63,21,12,12,4,5.0,5.0,61,0,0,382.9,민원은 노출도 점수에 포함하지 않음 (맥락 정보)
