facility_id,facility_name,facility_type,gu,administrative_dong,h_code,primary_profile,secondary_profile,all_profiles,profile_tag_count,nearest_source_distance_m,source_locations_within_300m,source_locations_within_500m,source_locations_within_1000m,air_emission_sites_within_500m,designated_waste_sites_within_500m,incineration_sites_within_500m,source_type_count_500m,air_emission_share_500m,top10pct_frequency,profile_reason,primary_profile_label,profile_basis,profile_note
CC0001,창원시립 대산푸른숲어린이집,어린이집,의창구,대산면,4812132000.0,dense_cluster,,dense_cluster,1,93.2,14,35,126,3,0,1,2,0.086,1.0,"최근접 배출원 93m, 300m 내 location 14개, 500m 내 location 35개, 대기배출 3개, 소각 1개로 밀집형 특성",밀집형,stable_high 74곳 내부 quartile 및 source type 3종 동시 존재,profile은 노출 패턴 설명용 라벨이며 위험등급·순위가 아니다. 노출도 점수·시나리오·분류에 사용하지 않는다.
CC0030,파티마어린이집,어린이집,의창구,명곡동,4812153000.0,very_close,,very_close,1,0.0,3,10,69,2,0,3,2,0.2,1.0,"최근접 배출원 0m, 300m 내 location 3개, 500m 내 location 10개, 대기배출 2개, 소각 3개로 초근접형 특성",초근접형,stable_high 74곳 내부 quartile 및 source type 3종 동시 존재,profile은 노출 패턴 설명용 라벨이며 위험등급·순위가 아니다. 노출도 점수·시나리오·분류에 사용하지 않는다.
CC0093,창원시립 힐스아티움어린이집,어린이집,의창구,팔룡동,4812152000.0,air_dominant,,air_dominant,1,136.6,7,13,88,4,0,3,2,0.308,1.0,"최근접 배출원 137m, 300m 내 location 7개, 500m 내 location 13개, 대기배출 4개, 소각 3개로 대기집중형 특성",대기집중형,stable_high 74곳 내부 quartile 및 source type 3종 동시 존재,profile은 노출 패턴 설명용 라벨이며 위험등급·순위가 아니다. 노출도 점수·시나리오·분류에 사용하지 않는다.
CC0109,키콕스 꿈드림 어린이집,어린이집,의창구,팔룡동,4812152000.0,dense_cluster,,dense_cluster,1,81.2,30,59,152,8,0,2,2,0.136,1.0,"최근접 배출원 81m, 300m 내 location 30개, 500m 내 location 59개, 대기배출 8개, 소각 2개로 밀집형 특성",밀집형,stable_high 74곳 내부 quartile 및 source type 3종 동시 존재,profile은 노출 패턴 설명용 라벨이며 위험등급·순위가 아니다. 노출도 점수·시나리오·분류에 사용하지 않는다.
CC0222,창원시립 웅남어린이집,어린이집,성산구,웅남동,4812357000.0,air_dominant,very_close,very_close;air_dominant,2,54.3,5,11,115,4,0,1,2,0.364,1.0,"최근접 배출원 54m, 300m 내 location 5개, 500m 내 location 11개, 대기배출 4개, 소각 1개로 초근접형+대기집중형 특성",대기집중형,stable_high 74곳 내부 quartile 및 source type 3종 동시 존재,profile은 노출 패턴 설명용 라벨이며 위험등급·순위가 아니다. 노출도 점수·시나리오·분류에 사용하지 않는다.
CC0266,마산YWCA어린이집,어린이집,마산합포구,반월중앙동,4812556500.0,air_dominant,,air_dominant,1,133.3,8,33,52,9,0,4,2,0.273,1.0,"최근접 배출원 133m, 300m 내 location 8개, 500m 내 location 33개, 대기배출 9개, 소각 4개로 대기집중형 특성",대기집중형,stable_high 74곳 내부 quartile 및 source type 3종 동시 존재,profile은 노출 패턴 설명용 라벨이며 위험등급·순위가 아니다. 노출도 점수·시나리오·분류에 사용하지 않는다.
CC0270,혜성미어린이집,어린이집,마산합포구,반월중앙동,4812556500.0,broad_moderate,,broad_moderate,0,85.5,9,27,47,8,0,3,2,0.296,1.0,"최근접 배출원 86m, 300m 내 location 9개, 500m 내 location 27개, 대기배출 8개, 소각 3개로 어느 축도 74곳 내부 상위 25%에 들지 않으나 모든 지표가 전체 취약시설 중앙값을 크게 웃돌아 전반 중등도형",전반 중등도형,stable_high 74곳 내부 quartile 및 source type 3종 동시 존재,profile은 노출 패턴 설명용 라벨이며 위험등급·순위가 아니다. 노출도 점수·시나리오·분류에 사용하지 않는다.
CC0271,마산합포구청어린이집,어린이집,마산합포구,반월중앙동,4812556500.0,air_dominant,,air_dominant,1,86.9,8,26,48,9,0,3,2,0.346,1.0,"최근접 배출원 87m, 300m 내 location 8개, 500m 내 location 26개, 대기배출 9개, 소각 3개로 대기집중형 특성",대기집중형,stable_high 74곳 내부 quartile 및 source type 3종 동시 존재,profile은 노출 패턴 설명용 라벨이며 위험등급·순위가 아니다. 노출도 점수·시나리오·분류에 사용하지 않는다.
CC0272,또래어린이집,어린이집,마산합포구,산호동,4812565000.0,multi_source_type,,multi_source_type,1,62.9,12,27,167,5,1,3,3,0.185,1.0,"최근접 배출원 63m, 300m 내 location 12개, 500m 내 location 27개, 대기배출 5개, 지정폐기물 1개, 소각 3개로 복합형 특성",복합형,stable_high 74곳 내부 quartile 및 source type 3종 동시 존재,profile은 노출 패턴 설명용 라벨이며 위험등급·순위가 아니다. 노출도 점수·시나리오·분류에 사용하지 않는다.
CC0273,리인어린이집,어린이집,마산합포구,산호동,4812565000.0,dense_cluster,air_dominant,dense_cluster;multi_source_type;air_dominant,3,62.9,20,47,278,10,3,6,3,0.213,1.0,"최근접 배출원 63m, 300m 내 location 20개, 500m 내 location 47개, 대기배출 10개, 지정폐기물 3개, 소각 6개로 밀집형+복합형+대기집중형 특성",밀집형,stable_high 74곳 내부 quartile 및 source type 3종 동시 존재,profile은 노출 패턴 설명용 라벨이며 위험등급·순위가 아니다. 노출도 점수·시나리오·분류에 사용하지 않는다.
CC0275,파스텔어린이집,어린이집,마산합포구,산호동,4812565000.0,broad_moderate,,broad_moderate,0,179.1,9,18,126,2,0,1,2,0.111,1.0,"최근접 배출원 179m, 300m 내 location 9개, 500m 내 location 18개, 대기배출 2개, 소각 1개로 어느 축도 74곳 내부 상위 25%에 들지 않으나 모든 지표가 전체 취약시설 중앙값을 크게 웃돌아 전반 중등도형",전반 중등도형,stable_high 74곳 내부 quartile 및 source type 3종 동시 존재,profile은 노출 패턴 설명용 라벨이며 위험등급·순위가 아니다. 노출도 점수·시나리오·분류에 사용하지 않는다.
CC0277,창원시립 서성어린이집,어린이집,마산합포구,오동동,4812563000.0,broad_moderate,,broad_moderate,0,82.4,7,27,55,6,0,4,2,0.222,1.0,"최근접 배출원 82m, 300m 내 location 7개, 500m 내 location 27개, 대기배출 6개, 소각 4개로 어느 축도 74곳 내부 상위 25%에 들지 않으나 모든 지표가 전체 취약시설 중앙값을 크게 웃돌아 전반 중등도형",전반 중등도형,stable_high 74곳 내부 quartile 및 source type 3종 동시 존재,profile은 노출 패턴 설명용 라벨이며 위험등급·순위가 아니다. 노출도 점수·시나리오·분류에 사용하지 않는다.
CC0278,창원시립 장미어린이집,어린이집,마산합포구,오동동,4812563000.0,broad_moderate,,broad_moderate,0,88.6,7,29,52,7,0,4,2,0.241,1.0,"최근접 배출원 89m, 300m 내 location 7개, 500m 내 location 29개, 대기배출 7개, 소각 4개로 어느 축도 74곳 내부 상위 25%에 들지 않으나 모든 지표가 전체 취약시설 중앙값을 크게 웃돌아 전반 중등도형",전반 중등도형,stable_high 74곳 내부 quartile 및 source type 3종 동시 존재,profile은 노출 패턴 설명용 라벨이며 위험등급·순위가 아니다. 노출도 점수·시나리오·분류에 사용하지 않는다.
CC0280,리틀스쿨어린이집,어린이집,마산합포구,오동동,4812563000.0,broad_moderate,,broad_moderate,0,104.9,8,23,50,5,0,1,2,0.217,1.0,"최근접 배출원 105m, 300m 내 location 8개, 500m 내 location 23개, 대기배출 5개, 소각 1개로 어느 축도 74곳 내부 상위 25%에 들지 않으나 모든 지표가 전체 취약시설 중앙값을 크게 웃돌아 전반 중등도형",전반 중등도형,stable_high 74곳 내부 quartile 및 source type 3종 동시 존재,profile은 노출 패턴 설명용 라벨이며 위험등급·순위가 아니다. 노출도 점수·시나리오·분류에 사용하지 않는다.
CC0282,아이굿맘어린이집,어린이집,마산합포구,오동동,4812563000.0,dense_cluster,air_dominant,dense_cluster;air_dominant,2,82.6,16,32,52,9,0,4,2,0.281,1.0,"최근접 배출원 83m, 300m 내 location 16개, 500m 내 location 32개, 대기배출 9개, 소각 4개로 밀집형+대기집중형 특성",밀집형,stable_high 74곳 내부 quartile 및 source type 3종 동시 존재,profile은 노출 패턴 설명용 라벨이며 위험등급·순위가 아니다. 노출도 점수·시나리오·분류에 사용하지 않는다.
CC0346,창원시립 구암어린이집,어린이집,마산회원구,구암2동,4812761000.0,air_dominant,,air_dominant,1,124.0,5,16,86,5,1,0,2,0.312,1.0,"최근접 배출원 124m, 300m 내 location 5개, 500m 내 location 16개, 대기배출 5개, 지정폐기물 1개로 대기집중형 특성",대기집중형,stable_high 74곳 내부 quartile 및 source type 3종 동시 존재,profile은 노출 패턴 설명용 라벨이며 위험등급·순위가 아니다. 노출도 점수·시나리오·분류에 사용하지 않는다.
CC0359,더푸른다솜어린이집,어린이집,마산회원구,내서읍,4812725000.0,multi_source_type,,multi_source_type,1,238.7,9,25,60,4,1,1,3,0.16,1.0,"최근접 배출원 239m, 300m 내 location 9개, 500m 내 location 25개, 대기배출 4개, 지정폐기물 1개, 소각 1개로 복합형 특성",복합형,stable_high 74곳 내부 quartile 및 source type 3종 동시 존재,profile은 노출 패턴 설명용 라벨이며 위험등급·순위가 아니다. 노출도 점수·시나리오·분류에 사용하지 않는다.
CC0375,참좋은어린이집,어린이집,마산회원구,내서읍,4812725000.0,multi_source_type,,multi_source_type,1,238.7,9,25,60,4,1,1,3,0.16,1.0,"최근접 배출원 239m, 300m 내 location 9개, 500m 내 location 25개, 대기배출 4개, 지정폐기물 1개, 소각 1개로 복합형 특성",복합형,stable_high 74곳 내부 quartile 및 source type 3종 동시 존재,profile은 노출 패턴 설명용 라벨이며 위험등급·순위가 아니다. 노출도 점수·시나리오·분류에 사용하지 않는다.
CC0376,푸른 어린이집,어린이집,마산회원구,내서읍,4812725000.0,multi_source_type,,multi_source_type,1,238.7,9,25,60,4,1,1,3,0.16,1.0,"최근접 배출원 239m, 300m 내 location 9개, 500m 내 location 25개, 대기배출 4개, 지정폐기물 1개, 소각 1개로 복합형 특성",복합형,stable_high 74곳 내부 quartile 및 source type 3종 동시 존재,profile은 노출 패턴 설명용 라벨이며 위험등급·순위가 아니다. 노출도 점수·시나리오·분류에 사용하지 않는다.
CC0392,창원시립 하버팰리스어린이집,어린이집,마산회원구,양덕2동,4812757000.0,multi_source_type,,multi_source_type,1,107.7,9,37,216,7,3,3,3,0.189,1.0,"최근접 배출원 108m, 300m 내 location 9개, 500m 내 location 37개, 대기배출 7개, 지정폐기물 3개, 소각 3개로 복합형 특성",복합형,stable_high 74곳 내부 quartile 및 source type 3종 동시 존재,profile은 노출 패턴 설명용 라벨이며 위험등급·순위가 아니다. 노출도 점수·시나리오·분류에 사용하지 않는다.
CC0396,메트로아이꽃뜰어린이집,어린이집,마산회원구,양덕2동,4812757000.0,very_close,multi_source_type,very_close;multi_source_type,2,0.0,9,19,67,5,1,3,3,0.263,1.0,"최근접 배출원 0m, 300m 내 location 9개, 500m 내 location 19개, 대기배출 5개, 지정폐기물 1개, 소각 3개로 초근접형+복합형 특성",초근접형,stable_high 74곳 내부 quartile 및 source type 3종 동시 존재,profile은 노출 패턴 설명용 라벨이며 위험등급·순위가 아니다. 노출도 점수·시나리오·분류에 사용하지 않는다.
CC0399,대림어린이집,어린이집,마산회원구,양덕2동,4812757000.0,multi_source_type,,multi_source_type,1,136.9,9,17,101,4,2,3,3,0.235,1.0,"최근접 배출원 137m, 300m 내 location 9개, 500m 내 location 17개, 대기배출 4개, 지정폐기물 2개, 소각 3개로 복합형 특성",복합형,stable_high 74곳 내부 quartile 및 source type 3종 동시 존재,profile은 노출 패턴 설명용 라벨이며 위험등급·순위가 아니다. 노출도 점수·시나리오·분류에 사용하지 않는다.
CC0405,키즈누리 어린이집,어린이집,마산회원구,양덕2동,4812757000.0,multi_source_type,,multi_source_type,1,107.7,9,37,216,7,3,3,3,0.189,1.0,"최근접 배출원 108m, 300m 내 location 9개, 500m 내 location 37개, 대기배출 7개, 지정폐기물 3개, 소각 3개로 복합형 특성",복합형,stable_high 74곳 내부 quartile 및 source type 3종 동시 존재,profile은 노출 패턴 설명용 라벨이며 위험등급·순위가 아니다. 노출도 점수·시나리오·분류에 사용하지 않는다.
CC0409,해솔어린이집,어린이집,마산회원구,양덕2동,4812757000.0,very_close,dense_cluster,dense_cluster;very_close,2,0.0,14,20,95,4,0,3,2,0.2,1.0,"최근접 배출원 0m, 300m 내 location 14개, 500m 내 location 20개, 대기배출 4개, 소각 3개로 밀집형+초근접형 특성",초근접형,stable_high 74곳 내부 quartile 및 source type 3종 동시 존재,profile은 노출 패턴 설명용 라벨이며 위험등급·순위가 아니다. 노출도 점수·시나리오·분류에 사용하지 않는다.
CC0445,창원시립 남양어린이집,어린이집,진해구,웅동1동,4812964000.0,dense_cluster,,dense_cluster,1,175.3,9,58,129,1,0,0,1,0.017,1.0,"최근접 배출원 175m, 300m 내 location 9개, 500m 내 location 58개, 대기배출 1개로 밀집형 특성",밀집형,stable_high 74곳 내부 quartile 및 source type 3종 동시 존재,profile은 노출 패턴 설명용 라벨이며 위험등급·순위가 아니다. 노출도 점수·시나리오·분류에 사용하지 않는다.
CH0005,하나지역아동센터,지역아동센터,의창구,대산면,4812132000.0,dense_cluster,very_close,dense_cluster;very_close,2,45.0,29,54,132,5,0,1,2,0.093,1.0,"최근접 배출원 45m, 300m 내 location 29개, 500m 내 location 54개, 대기배출 5개, 소각 1개로 밀집형+초근접형 특성",밀집형,stable_high 74곳 내부 quartile 및 source type 3종 동시 존재,profile은 노출 패턴 설명용 라벨이며 위험등급·순위가 아니다. 노출도 점수·시나리오·분류에 사용하지 않는다.
CH0050,꽃누리세상지역아동센터,지역아동센터,마산회원구,구암2동,4812761000.0,broad_moderate,,broad_moderate,0,117.0,4,21,91,3,1,0,2,0.143,1.0,"최근접 배출원 117m, 300m 내 location 4개, 500m 내 location 21개, 대기배출 3개, 지정폐기물 1개로 어느 축도 74곳 내부 상위 25%에 들지 않으나 모든 지표가 전체 취약시설 중앙값을 크게 웃돌아 전반 중등도형",전반 중등도형,stable_high 74곳 내부 quartile 및 source type 3종 동시 존재,profile은 노출 패턴 설명용 라벨이며 위험등급·순위가 아니다. 노출도 점수·시나리오·분류에 사용하지 않는다.
CH0060,양덕2동지역아동센터,지역아동센터,마산회원구,양덕2동,4812757000.0,multi_source_type,,multi_source_type,1,136.9,9,17,101,4,2,3,3,0.235,1.0,"최근접 배출원 137m, 300m 내 location 9개, 500m 내 location 17개, 대기배출 4개, 지정폐기물 2개, 소각 3개로 복합형 특성",복합형,stable_high 74곳 내부 quartile 및 source type 3종 동시 존재,profile은 노출 패턴 설명용 라벨이며 위험등급·순위가 아니다. 노출도 점수·시나리오·분류에 사용하지 않는다.
CH0063,큰샘원지역아동센터,지역아동센터,마산회원구,내서읍,4812725000.0,air_dominant,dense_cluster,dense_cluster;multi_source_type;air_dominant,3,231.3,7,58,120,23,2,1,3,0.397,1.0,"최근접 배출원 231m, 300m 내 location 7개, 500m 내 location 58개, 대기배출 23개, 지정폐기물 2개, 소각 1개로 밀집형+복합형+대기집중형 특성",대기집중형,stable_high 74곳 내부 quartile 및 source type 3종 동시 존재,profile은 노출 패턴 설명용 라벨이며 위험등급·순위가 아니다. 노출도 점수·시나리오·분류에 사용하지 않는다.
SC0157,북가술경로당,경로당,의창구,대산면,4812132000.0,broad_moderate,,broad_moderate,0,157.6,4,35,126,7,0,0,1,0.2,1.0,"최근접 배출원 158m, 300m 내 location 4개, 500m 내 location 35개, 대기배출 7개로 어느 축도 74곳 내부 상위 25%에 들지 않으나 모든 지표가 전체 취약시설 중앙값을 크게 웃돌아 전반 중등도형",전반 중등도형,stable_high 74곳 내부 quartile 및 source type 3종 동시 존재,profile은 노출 패턴 설명용 라벨이며 위험등급·순위가 아니다. 노출도 점수·시나리오·분류에 사용하지 않는다.
SC0159,남가술경로당,경로당,의창구,대산면,4812132000.0,dense_cluster,air_dominant,dense_cluster;air_dominant,2,172.7,8,52,131,9,0,0,1,0.173,1.0,"최근접 배출원 173m, 300m 내 location 8개, 500m 내 location 52개, 대기배출 9개로 밀집형+대기집중형 특성",밀집형,stable_high 74곳 내부 quartile 및 source type 3종 동시 존재,profile은 노출 패턴 설명용 라벨이며 위험등급·순위가 아니다. 노출도 점수·시나리오·분류에 사용하지 않는다.
SC0160,남가술부인경로당,경로당,의창구,대산면,4812132000.0,very_close,dense_cluster,dense_cluster;very_close,2,49.4,5,44,129,8,0,0,1,0.182,1.0,"최근접 배출원 49m, 300m 내 location 5개, 500m 내 location 44개, 대기배출 8개로 밀집형+초근접형 특성",초근접형,stable_high 74곳 내부 quartile 및 source type 3종 동시 존재,profile은 노출 패턴 설명용 라벨이며 위험등급·순위가 아니다. 노출도 점수·시나리오·분류에 사용하지 않는다.
SC0161,가촌경로당,경로당,의창구,대산면,4812132000.0,dense_cluster,air_dominant,dense_cluster;very_close;air_dominant,3,38.9,41,81,125,10,0,0,1,0.123,1.0,"최근접 배출원 39m, 300m 내 location 41개, 500m 내 location 81개, 대기배출 10개로 밀집형+초근접형+대기집중형 특성",밀집형,stable_high 74곳 내부 quartile 및 source type 3종 동시 존재,profile은 노출 패턴 설명용 라벨이며 위험등급·순위가 아니다. 노출도 점수·시나리오·분류에 사용하지 않는다.
SC0162,장등경로당,경로당,의창구,대산면,4812132000.0,dense_cluster,,dense_cluster,1,126.8,22,51,143,4,0,1,2,0.078,1.0,"최근접 배출원 127m, 300m 내 location 22개, 500m 내 location 51개, 대기배출 4개, 소각 1개로 밀집형 특성",밀집형,stable_high 74곳 내부 quartile 및 source type 3종 동시 존재,profile은 노출 패턴 설명용 라벨이며 위험등급·순위가 아니다. 노출도 점수·시나리오·분류에 사용하지 않는다.
SC0172,삼봉경로당,경로당,의창구,대산면,4812132000.0,dense_cluster,,dense_cluster,1,178.6,10,44,126,4,0,1,2,0.091,1.0,"최근접 배출원 179m, 300m 내 location 10개, 500m 내 location 44개, 대기배출 4개, 소각 1개로 밀집형 특성",밀집형,stable_high 74곳 내부 quartile 및 source type 3종 동시 존재,profile은 노출 패턴 설명용 라벨이며 위험등급·순위가 아니다. 노출도 점수·시나리오·분류에 사용하지 않는다.
SC0191,대산NHF1단지경로당,경로당,의창구,대산면,4812132000.0,dense_cluster,,dense_cluster,1,93.2,14,35,126,3,0,1,2,0.086,1.0,"최근접 배출원 93m, 300m 내 location 14개, 500m 내 location 35개, 대기배출 3개, 소각 1개로 밀집형 특성",밀집형,stable_high 74곳 내부 quartile 및 source type 3종 동시 존재,profile은 노출 패턴 설명용 라벨이며 위험등급·순위가 아니다. 노출도 점수·시나리오·분류에 사용하지 않는다.
SC0222,힐스테이트아티움시티경로당,경로당,의창구,팔룡동,4812152000.0,air_dominant,,air_dominant,1,136.6,7,13,88,4,0,3,2,0.308,1.0,"최근접 배출원 137m, 300m 내 location 7개, 500m 내 location 13개, 대기배출 4개, 소각 3개로 대기집중형 특성",대기집중형,stable_high 74곳 내부 quartile 및 source type 3종 동시 존재,profile은 노출 패턴 설명용 라벨이며 위험등급·순위가 아니다. 노출도 점수·시나리오·분류에 사용하지 않는다.
SC0271,중앙제1경로당,경로당,성산구,중앙동,4812352000.0,air_dominant,,air_dominant,1,81.0,12,21,37,9,0,5,2,0.429,1.0,"최근접 배출원 81m, 300m 내 location 12개, 500m 내 location 21개, 대기배출 9개, 소각 5개로 대기집중형 특성",대기집중형,stable_high 74곳 내부 quartile 및 source type 3종 동시 존재,profile은 노출 패턴 설명용 라벨이며 위험등급·순위가 아니다. 노출도 점수·시나리오·분류에 사용하지 않는다.
SC0354,한양아파트경로당,경로당,성산구,성주동,4812356000.0,air_dominant,,air_dominant,1,111.8,8,14,61,5,0,2,2,0.357,1.0,"최근접 배출원 112m, 300m 내 location 8개, 500m 내 location 14개, 대기배출 5개, 소각 2개로 대기집중형 특성",대기집중형,stable_high 74곳 내부 quartile 및 source type 3종 동시 존재,profile은 노출 패턴 설명용 라벨이며 위험등급·순위가 아니다. 노출도 점수·시나리오·분류에 사용하지 않는다.
SC0397,신우희가로베스트경로당,경로당,마산합포구,반월중앙동,4812556500.0,air_dominant,very_close,very_close;air_dominant,2,49.3,8,27,48,9,0,3,2,0.333,1.0,"최근접 배출원 49m, 300m 내 location 8개, 500m 내 location 27개, 대기배출 9개, 소각 3개로 초근접형+대기집중형 특성",대기집중형,stable_high 74곳 내부 quartile 및 source type 3종 동시 존재,profile은 노출 패턴 설명용 라벨이며 위험등급·순위가 아니다. 노출도 점수·시나리오·분류에 사용하지 않는다.
SC0400,혜성미경로당,경로당,마산합포구,반월중앙동,4812556500.0,broad_moderate,,broad_moderate,0,85.5,9,27,47,8,0,3,2,0.296,1.0,"최근접 배출원 86m, 300m 내 location 9개, 500m 내 location 27개, 대기배출 8개, 소각 3개로 어느 축도 74곳 내부 상위 25%에 들지 않으나 모든 지표가 전체 취약시설 중앙값을 크게 웃돌아 전반 중등도형",전반 중등도형,stable_high 74곳 내부 quartile 및 source type 3종 동시 존재,profile은 노출 패턴 설명용 라벨이며 위험등급·순위가 아니다. 노출도 점수·시나리오·분류에 사용하지 않는다.
SC0425,망곡경로당,경로당,마산합포구,진북면,4812533000.0,dense_cluster,very_close,dense_cluster;very_close,2,24.1,21,34,95,6,0,1,2,0.176,1.0,"최근접 배출원 24m, 300m 내 location 21개, 500m 내 location 34개, 대기배출 6개, 소각 1개로 밀집형+초근접형 특성",밀집형,stable_high 74곳 내부 quartile 및 source type 3종 동시 존재,profile은 노출 패턴 설명용 라벨이며 위험등급·순위가 아니다. 노출도 점수·시나리오·분류에 사용하지 않는다.
SC0432,신촌경로당,경로당,마산합포구,진북면,4812533000.0,dense_cluster,,dense_cluster,1,70.6,15,34,74,5,0,3,2,0.147,1.0,"최근접 배출원 71m, 300m 내 location 15개, 500m 내 location 34개, 대기배출 5개, 소각 3개로 밀집형 특성",밀집형,stable_high 74곳 내부 quartile 및 source type 3종 동시 존재,profile은 노출 패턴 설명용 라벨이며 위험등급·순위가 아니다. 노출도 점수·시나리오·분류에 사용하지 않는다.
SC0433,연동경로당,경로당,마산합포구,진북면,4812533000.0,air_dominant,,air_dominant,1,100.7,6,12,94,4,0,1,2,0.333,1.0,"최근접 배출원 101m, 300m 내 location 6개, 500m 내 location 12개, 대기배출 4개, 소각 1개로 대기집중형 특성",대기집중형,stable_high 74곳 내부 quartile 및 source type 3종 동시 존재,profile은 노출 패턴 설명용 라벨이며 위험등급·순위가 아니다. 노출도 점수·시나리오·분류에 사용하지 않는다.
SC0588,가고파경로당,경로당,마산합포구,산호동,4812565000.0,broad_moderate,,broad_moderate,0,129.6,8,24,119,3,0,2,2,0.125,1.0,"최근접 배출원 130m, 300m 내 location 8개, 500m 내 location 24개, 대기배출 3개, 소각 2개로 어느 축도 74곳 내부 상위 25%에 들지 않으나 모든 지표가 전체 취약시설 중앙값을 크게 웃돌아 전반 중등도형",전반 중등도형,stable_high 74곳 내부 quartile 및 source type 3종 동시 존재,profile은 노출 패턴 설명용 라벨이며 위험등급·순위가 아니다. 노출도 점수·시나리오·분류에 사용하지 않는다.
SC0589,합포남성경로당,경로당,마산합포구,산호동,4812565000.0,multi_source_type,very_close,very_close;multi_source_type,2,59.8,13,30,204,6,2,3,3,0.2,1.0,"최근접 배출원 60m, 300m 내 location 13개, 500m 내 location 30개, 대기배출 6개, 지정폐기물 2개, 소각 3개로 초근접형+복합형 특성",복합형,stable_high 74곳 내부 quartile 및 source type 3종 동시 존재,profile은 노출 패턴 설명용 라벨이며 위험등급·순위가 아니다. 노출도 점수·시나리오·분류에 사용하지 않는다.
SC0590,합포여성경로당,경로당,마산합포구,산호동,4812565000.0,multi_source_type,very_close,very_close;multi_source_type,2,59.8,13,30,204,6,2,3,3,0.2,1.0,"최근접 배출원 60m, 300m 내 location 13개, 500m 내 location 30개, 대기배출 6개, 지정폐기물 2개, 소각 3개로 초근접형+복합형 특성",복합형,stable_high 74곳 내부 quartile 및 source type 3종 동시 존재,profile은 노출 패턴 설명용 라벨이며 위험등급·순위가 아니다. 노출도 점수·시나리오·분류에 사용하지 않는다.
SC0592,대한아파트경로당,경로당,마산합포구,산호동,4812565000.0,broad_moderate,,broad_moderate,0,79.2,6,25,118,5,0,3,2,0.2,1.0,"최근접 배출원 79m, 300m 내 location 6개, 500m 내 location 25개, 대기배출 5개, 소각 3개로 어느 축도 74곳 내부 상위 25%에 들지 않으나 모든 지표가 전체 취약시설 중앙값을 크게 웃돌아 전반 중등도형",전반 중등도형,stable_high 74곳 내부 quartile 및 source type 3종 동시 존재,profile은 노출 패턴 설명용 라벨이며 위험등급·순위가 아니다. 노출도 점수·시나리오·분류에 사용하지 않는다.
SC0593,경동리인아파트경로당,경로당,마산합포구,산호동,4812565000.0,dense_cluster,air_dominant,dense_cluster;very_close;multi_source_type;air_dominant,4,41.9,20,54,300,11,5,7,3,0.204,1.0,"최근접 배출원 42m, 300m 내 location 20개, 500m 내 location 54개, 대기배출 11개, 지정폐기물 5개, 소각 7개로 밀집형+초근접형+복합형+대기집중형 특성",밀집형,stable_high 74곳 내부 quartile 및 source type 3종 동시 존재,profile은 노출 패턴 설명용 라벨이며 위험등급·순위가 아니다. 노출도 점수·시나리오·분류에 사용하지 않는다.
SC0618,동서남성경로당,경로당,마산합포구,오동동,4812563000.0,broad_moderate,,broad_moderate,0,123.9,7,26,67,3,0,3,2,0.115,1.0,"최근접 배출원 124m, 300m 내 location 7개, 500m 내 location 26개, 대기배출 3개, 소각 3개로 어느 축도 74곳 내부 상위 25%에 들지 않으나 모든 지표가 전체 취약시설 중앙값을 크게 웃돌아 전반 중등도형",전반 중등도형,stable_high 74곳 내부 quartile 및 source type 3종 동시 존재,profile은 노출 패턴 설명용 라벨이며 위험등급·순위가 아니다. 노출도 점수·시나리오·분류에 사용하지 않는다.
SC0619,동서여성경로당,경로당,마산합포구,오동동,4812563000.0,broad_moderate,,broad_moderate,0,123.9,7,26,67,3,0,3,2,0.115,1.0,"최근접 배출원 124m, 300m 내 location 7개, 500m 내 location 26개, 대기배출 3개, 소각 3개로 어느 축도 74곳 내부 상위 25%에 들지 않으나 모든 지표가 전체 취약시설 중앙값을 크게 웃돌아 전반 중등도형",전반 중등도형,stable_high 74곳 내부 quartile 및 source type 3종 동시 존재,profile은 노출 패턴 설명용 라벨이며 위험등급·순위가 아니다. 노출도 점수·시나리오·분류에 사용하지 않는다.
SC0620,서성경로당,경로당,마산합포구,오동동,4812563000.0,broad_moderate,,broad_moderate,0,168.5,12,27,70,3,0,1,2,0.111,1.0,"최근접 배출원 168m, 300m 내 location 12개, 500m 내 location 27개, 대기배출 3개, 소각 1개로 어느 축도 74곳 내부 상위 25%에 들지 않으나 모든 지표가 전체 취약시설 중앙값을 크게 웃돌아 전반 중등도형",전반 중등도형,stable_high 74곳 내부 quartile 및 source type 3종 동시 존재,profile은 노출 패턴 설명용 라벨이며 위험등급·순위가 아니다. 노출도 점수·시나리오·분류에 사용하지 않는다.
SC0621,센트럴남성경로당,경로당,마산합포구,오동동,4812563000.0,very_close,dense_cluster,dense_cluster;very_close;air_dominant,3,28.7,20,36,51,10,0,4,2,0.278,1.0,"최근접 배출원 29m, 300m 내 location 20개, 500m 내 location 36개, 대기배출 10개, 소각 4개로 밀집형+초근접형+대기집중형 특성",초근접형,stable_high 74곳 내부 quartile 및 source type 3종 동시 존재,profile은 노출 패턴 설명용 라벨이며 위험등급·순위가 아니다. 노출도 점수·시나리오·분류에 사용하지 않는다.
SC0622,센트럴여성경로당,경로당,마산합포구,오동동,4812563000.0,very_close,dense_cluster,dense_cluster;very_close;air_dominant,3,28.7,20,36,51,10,0,4,2,0.278,1.0,"최근접 배출원 29m, 300m 내 location 20개, 500m 내 location 36개, 대기배출 10개, 소각 4개로 밀집형+초근접형+대기집중형 특성",초근접형,stable_high 74곳 내부 quartile 및 source type 3종 동시 존재,profile은 노출 패턴 설명용 라벨이며 위험등급·순위가 아니다. 노출도 점수·시나리오·분류에 사용하지 않는다.
SC0624,신포경남경로당,경로당,마산합포구,오동동,4812563000.0,dense_cluster,,dense_cluster,1,145.8,19,34,54,8,0,4,2,0.235,1.0,"최근접 배출원 146m, 300m 내 location 19개, 500m 내 location 34개, 대기배출 8개, 소각 4개로 밀집형 특성",밀집형,stable_high 74곳 내부 quartile 및 source type 3종 동시 존재,profile은 노출 패턴 설명용 라벨이며 위험등급·순위가 아니다. 노출도 점수·시나리오·분류에 사용하지 않는다.
SC0625,마산만아이파크경로당,경로당,마산합포구,오동동,4812563000.0,broad_moderate,,broad_moderate,0,104.9,8,23,50,5,0,1,2,0.217,1.0,"최근접 배출원 105m, 300m 내 location 8개, 500m 내 location 23개, 대기배출 5개, 소각 1개로 어느 축도 74곳 내부 상위 25%에 들지 않으나 모든 지표가 전체 취약시설 중앙값을 크게 웃돌아 전반 중등도형",전반 중등도형,stable_high 74곳 내부 quartile 및 source type 3종 동시 존재,profile은 노출 패턴 설명용 라벨이며 위험등급·순위가 아니다. 노출도 점수·시나리오·분류에 사용하지 않는다.
SC0626,신포새롬미리내경로당,경로당,마산합포구,오동동,4812563000.0,dense_cluster,air_dominant,dense_cluster;very_close;air_dominant,3,56.7,22,37,54,9,0,3,2,0.243,1.0,"최근접 배출원 57m, 300m 내 location 22개, 500m 내 location 37개, 대기배출 9개, 소각 3개로 밀집형+초근접형+대기집중형 특성",밀집형,stable_high 74곳 내부 quartile 및 source type 3종 동시 존재,profile은 노출 패턴 설명용 라벨이며 위험등급·순위가 아니다. 노출도 점수·시나리오·분류에 사용하지 않는다.
SC0677,내서읍경로당,경로당,마산회원구,내서읍,4812725000.0,multi_source_type,,multi_source_type,1,230.4,1,27,103,2,3,2,3,0.074,1.0,"최근접 배출원 230m, 300m 내 location 1개, 500m 내 location 27개, 대기배출 2개, 지정폐기물 3개, 소각 2개로 복합형 특성",복합형,stable_high 74곳 내부 quartile 및 source type 3종 동시 존재,profile은 노출 패턴 설명용 라벨이며 위험등급·순위가 아니다. 노출도 점수·시나리오·분류에 사용하지 않는다.
SC0682,더푸른아파트경로당,경로당,마산회원구,내서읍,4812725000.0,multi_source_type,,multi_source_type,1,238.7,9,25,60,4,1,1,3,0.16,1.0,"최근접 배출원 239m, 300m 내 location 9개, 500m 내 location 25개, 대기배출 4개, 지정폐기물 1개, 소각 1개로 복합형 특성",복합형,stable_high 74곳 내부 quartile 및 source type 3종 동시 존재,profile은 노출 패턴 설명용 라벨이며 위험등급·순위가 아니다. 노출도 점수·시나리오·분류에 사용하지 않는다.
SC0683,동신1차아파트경로당,경로당,마산회원구,내서읍,4812725000.0,multi_source_type,,multi_source_type,1,89.0,2,30,113,8,2,2,3,0.267,1.0,"최근접 배출원 89m, 300m 내 location 2개, 500m 내 location 30개, 대기배출 8개, 지정폐기물 2개, 소각 2개로 복합형 특성",복합형,stable_high 74곳 내부 quartile 및 source type 3종 동시 존재,profile은 노출 패턴 설명용 라벨이며 위험등급·순위가 아니다. 노출도 점수·시나리오·분류에 사용하지 않는다.
SC0685,백로아파트경로당,경로당,마산회원구,내서읍,4812725000.0,air_dominant,dense_cluster,dense_cluster;multi_source_type;air_dominant,3,242.6,10,46,118,14,2,1,3,0.304,1.0,"최근접 배출원 243m, 300m 내 location 10개, 500m 내 location 46개, 대기배출 14개, 지정폐기물 2개, 소각 1개로 밀집형+복합형+대기집중형 특성",대기집중형,stable_high 74곳 내부 quartile 및 source type 3종 동시 존재,profile은 노출 패턴 설명용 라벨이며 위험등급·순위가 아니다. 노출도 점수·시나리오·분류에 사용하지 않는다.
SC0693,삼정경로당,경로당,마산회원구,내서읍,4812725000.0,very_close,dense_cluster,dense_cluster;very_close;multi_source_type,3,21.9,21,44,96,8,4,3,3,0.182,1.0,"최근접 배출원 22m, 300m 내 location 21개, 500m 내 location 44개, 대기배출 8개, 지정폐기물 4개, 소각 3개로 밀집형+초근접형+복합형 특성",초근접형,stable_high 74곳 내부 quartile 및 source type 3종 동시 존재,profile은 노출 패턴 설명용 라벨이며 위험등급·순위가 아니다. 노출도 점수·시나리오·분류에 사용하지 않는다.
SC0697,상동경로당,경로당,마산회원구,내서읍,4812725000.0,air_dominant,dense_cluster,dense_cluster;multi_source_type;air_dominant,3,285.6,2,54,118,21,2,1,3,0.389,1.0,"최근접 배출원 286m, 300m 내 location 2개, 500m 내 location 54개, 대기배출 21개, 지정폐기물 2개, 소각 1개로 밀집형+복합형+대기집중형 특성",대기집중형,stable_high 74곳 내부 quartile 및 source type 3종 동시 존재,profile은 노출 패턴 설명용 라벨이며 위험등급·순위가 아니다. 노출도 점수·시나리오·분류에 사용하지 않는다.
SC0699,서진아파트경로당,경로당,마산회원구,내서읍,4812725000.0,air_dominant,multi_source_type,multi_source_type;air_dominant,2,174.2,8,34,115,11,3,1,3,0.324,1.0,"최근접 배출원 174m, 300m 내 location 8개, 500m 내 location 34개, 대기배출 11개, 지정폐기물 3개, 소각 1개로 복합형+대기집중형 특성",대기집중형,stable_high 74곳 내부 quartile 및 source type 3종 동시 존재,profile은 노출 패턴 설명용 라벨이며 위험등급·순위가 아니다. 노출도 점수·시나리오·분류에 사용하지 않는다.
SC0700,수곡경로당,경로당,마산회원구,내서읍,4812725000.0,dense_cluster,very_close,dense_cluster;very_close,2,52.9,20,35,62,8,1,0,2,0.229,1.0,"최근접 배출원 53m, 300m 내 location 20개, 500m 내 location 35개, 대기배출 8개, 지정폐기물 1개로 밀집형+초근접형 특성",밀집형,stable_high 74곳 내부 quartile 및 source type 3종 동시 존재,profile은 노출 패턴 설명용 라벨이며 위험등급·순위가 아니다. 노출도 점수·시나리오·분류에 사용하지 않는다.
SC0707,신평경로당,경로당,마산회원구,내서읍,4812725000.0,dense_cluster,air_dominant,dense_cluster;very_close;multi_source_type;air_dominant,4,10.9,24,59,119,15,3,1,3,0.254,1.0,"최근접 배출원 11m, 300m 내 location 24개, 500m 내 location 59개, 대기배출 15개, 지정폐기물 3개, 소각 1개로 밀집형+초근접형+복합형+대기집중형 특성",밀집형,stable_high 74곳 내부 quartile 및 source type 3종 동시 존재,profile은 노출 패턴 설명용 라벨이며 위험등급·순위가 아니다. 노출도 점수·시나리오·분류에 사용하지 않는다.
SC0715,장미아파트경로당,경로당,마산회원구,내서읍,4812725000.0,air_dominant,multi_source_type,dense_cluster;multi_source_type;air_dominant,3,235.3,8,40,116,13,2,1,3,0.325,1.0,"최근접 배출원 235m, 300m 내 location 8개, 500m 내 location 40개, 대기배출 13개, 지정폐기물 2개, 소각 1개로 밀집형+복합형+대기집중형 특성",대기집중형,stable_high 74곳 내부 quartile 및 source type 3종 동시 존재,profile은 노출 패턴 설명용 라벨이며 위험등급·순위가 아니다. 노출도 점수·시나리오·분류에 사용하지 않는다.
SC0794,양덕2동 삼각경로당,경로당,마산회원구,양덕2동,4812757000.0,very_close,dense_cluster,dense_cluster;very_close,2,22.0,14,20,96,4,0,3,2,0.2,1.0,"최근접 배출원 22m, 300m 내 location 14개, 500m 내 location 20개, 대기배출 4개, 소각 3개로 밀집형+초근접형 특성",초근접형,stable_high 74곳 내부 quartile 및 source type 3종 동시 존재,profile은 노출 패턴 설명용 라벨이며 위험등급·순위가 아니다. 노출도 점수·시나리오·분류에 사용하지 않는다.
SC0803,대림하이빌 아파트 경로당,경로당,마산회원구,양덕2동,4812757000.0,multi_source_type,,multi_source_type,1,136.9,9,17,101,4,2,3,3,0.235,1.0,"최근접 배출원 137m, 300m 내 location 9개, 500m 내 location 17개, 대기배출 4개, 지정폐기물 2개, 소각 3개로 복합형 특성",복합형,stable_high 74곳 내부 quartile 및 source type 3종 동시 존재,profile은 노출 패턴 설명용 라벨이며 위험등급·순위가 아니다. 노출도 점수·시나리오·분류에 사용하지 않는다.
SC0807,메트로시티2단지경로당,경로당,마산회원구,양덕2동,4812757000.0,very_close,multi_source_type,very_close;multi_source_type,2,0.0,9,19,67,5,1,3,3,0.263,1.0,"최근접 배출원 0m, 300m 내 location 9개, 500m 내 location 19개, 대기배출 5개, 지정폐기물 1개, 소각 3개로 초근접형+복합형 특성",초근접형,stable_high 74곳 내부 quartile 및 source type 3종 동시 존재,profile은 노출 패턴 설명용 라벨이며 위험등급·순위가 아니다. 노출도 점수·시나리오·분류에 사용하지 않는다.
SC0810,롯데캐슬하버팰리스아파트경로당,경로당,마산회원구,양덕2동,4812757000.0,multi_source_type,,multi_source_type,1,107.7,9,37,216,7,3,3,3,0.189,1.0,"최근접 배출원 108m, 300m 내 location 9개, 500m 내 location 37개, 대기배출 7개, 지정폐기물 3개, 소각 3개로 복합형 특성",복합형,stable_high 74곳 내부 quartile 및 source type 3종 동시 존재,profile은 노출 패턴 설명용 라벨이며 위험등급·순위가 아니다. 노출도 점수·시나리오·분류에 사용하지 않는다.
SC0834,제2남성경로당,경로당,마산회원구,구암2동,4812761000.0,air_dominant,dense_cluster,dense_cluster;multi_source_type;air_dominant,3,157.0,8,46,95,16,1,1,3,0.348,1.0,"최근접 배출원 157m, 300m 내 location 8개, 500m 내 location 46개, 대기배출 16개, 지정폐기물 1개, 소각 1개로 밀집형+복합형+대기집중형 특성",대기집중형,stable_high 74곳 내부 quartile 및 source type 3종 동시 존재,profile은 노출 패턴 설명용 라벨이며 위험등급·순위가 아니다. 노출도 점수·시나리오·분류에 사용하지 않는다.
SC0835,제2여성경로당,경로당,마산회원구,구암2동,4812761000.0,air_dominant,dense_cluster,dense_cluster;multi_source_type;air_dominant,3,157.0,8,46,95,16,1,1,3,0.348,1.0,"최근접 배출원 157m, 300m 내 location 8개, 500m 내 location 46개, 대기배출 16개, 지정폐기물 1개, 소각 1개로 밀집형+복합형+대기집중형 특성",대기집중형,stable_high 74곳 내부 quartile 및 source type 3종 동시 존재,profile은 노출 패턴 설명용 라벨이며 위험등급·순위가 아니다. 노출도 점수·시나리오·분류에 사용하지 않는다.
SC0842,봉암동제1남성경로당,경로당,마산회원구,봉암동,4812762000.0,multi_source_type,air_dominant,multi_source_type;air_dominant,2,165.3,1,20,250,6,1,1,3,0.3,1.0,"최근접 배출원 165m, 300m 내 location 1개, 500m 내 location 20개, 대기배출 6개, 지정폐기물 1개, 소각 1개로 복합형+대기집중형 특성",복합형,stable_high 74곳 내부 quartile 및 source type 3종 동시 존재,profile은 노출 패턴 설명용 라벨이며 위험등급·순위가 아니다. 노출도 점수·시나리오·분류에 사용하지 않는다.
SC0843,봉암동제1여성경로당,경로당,마산회원구,봉암동,4812762000.0,multi_source_type,air_dominant,multi_source_type;air_dominant,2,165.3,1,20,250,6,1,1,3,0.3,1.0,"최근접 배출원 165m, 300m 내 location 1개, 500m 내 location 20개, 대기배출 6개, 지정폐기물 1개, 소각 1개로 복합형+대기집중형 특성",복합형,stable_high 74곳 내부 quartile 및 source type 3종 동시 존재,profile은 노출 패턴 설명용 라벨이며 위험등급·순위가 아니다. 노출도 점수·시나리오·분류에 사용하지 않는다.
SC0844,봉암동제2남성경로당,경로당,마산회원구,봉암동,4812762000.0,dense_cluster,air_dominant,dense_cluster;multi_source_type;air_dominant,3,102.3,24,84,371,15,4,1,3,0.179,1.0,"최근접 배출원 102m, 300m 내 location 24개, 500m 내 location 84개, 대기배출 15개, 지정폐기물 4개, 소각 1개로 밀집형+복합형+대기집중형 특성",밀집형,stable_high 74곳 내부 quartile 및 source type 3종 동시 존재,profile은 노출 패턴 설명용 라벨이며 위험등급·순위가 아니다. 노출도 점수·시나리오·분류에 사용하지 않는다.
SC0845,봉암동제2여성경로당,경로당,마산회원구,봉암동,4812762000.0,dense_cluster,air_dominant,dense_cluster;multi_source_type;air_dominant,3,102.3,24,84,371,15,4,1,3,0.179,1.0,"최근접 배출원 102m, 300m 내 location 24개, 500m 내 location 84개, 대기배출 15개, 지정폐기물 4개, 소각 1개로 밀집형+복합형+대기집중형 특성",밀집형,stable_high 74곳 내부 quartile 및 source type 3종 동시 존재,profile은 노출 패턴 설명용 라벨이며 위험등급·순위가 아니다. 노출도 점수·시나리오·분류에 사용하지 않는다.
SC0846,봉암서광아파트경로당,경로당,마산회원구,봉암동,4812762000.0,air_dominant,multi_source_type,multi_source_type;air_dominant,2,196.8,5,16,99,6,4,4,3,0.375,1.0,"최근접 배출원 197m, 300m 내 location 5개, 500m 내 location 16개, 대기배출 6개, 지정폐기물 4개, 소각 4개로 복합형+대기집중형 특성",대기집중형,stable_high 74곳 내부 quartile 및 source type 3종 동시 존재,profile은 노출 패턴 설명용 라벨이며 위험등급·순위가 아니다. 노출도 점수·시나리오·분류에 사용하지 않는다.
SC1004,월남경로당,경로당,진해구,웅동1동,4812964000.0,dense_cluster,,dense_cluster,1,102.8,18,34,102,0,0,0,0,0.0,1.0,"최근접 배출원 103m, 300m 내 location 18개, 500m 내 location 34개, 대기배출 0개로 밀집형 특성",밀집형,stable_high 74곳 내부 quartile 및 source type 3종 동시 존재,profile은 노출 패턴 설명용 라벨이며 위험등급·순위가 아니다. 노출도 점수·시나리오·분류에 사용하지 않는다.
SC1005,영길경로당,경로당,진해구,웅동1동,4812964000.0,dense_cluster,,dense_cluster,1,173.7,8,42,129,0,0,0,0,0.0,1.0,"최근접 배출원 174m, 300m 내 location 8개, 500m 내 location 42개, 대기배출 0개로 밀집형 특성",밀집형,stable_high 74곳 내부 quartile 및 source type 3종 동시 존재,profile은 노출 패턴 설명용 라벨이며 위험등급·순위가 아니다. 노출도 점수·시나리오·분류에 사용하지 않는다.
SC1006,영길부녀경로당,경로당,진해구,웅동1동,4812964000.0,dense_cluster,,dense_cluster,1,173.7,8,42,129,0,0,0,0,0.0,1.0,"최근접 배출원 174m, 300m 내 location 8개, 500m 내 location 42개, 대기배출 0개로 밀집형 특성",밀집형,stable_high 74곳 내부 quartile 및 source type 3종 동시 존재,profile은 노출 패턴 설명용 라벨이며 위험등급·순위가 아니다. 노출도 점수·시나리오·분류에 사용하지 않는다.
SC1009,청안해오름프리존빌경로당,경로당,진해구,웅동1동,4812964000.0,broad_moderate,,broad_moderate,0,136.1,8,37,108,0,0,0,0,0.0,1.0,"최근접 배출원 136m, 300m 내 location 8개, 500m 내 location 37개, 대기배출 0개로 어느 축도 74곳 내부 상위 25%에 들지 않으나 모든 지표가 전체 취약시설 중앙값을 크게 웃돌아 전반 중등도형",전반 중등도형,stable_high 74곳 내부 quartile 및 source type 3종 동시 존재,profile은 노출 패턴 설명용 라벨이며 위험등급·순위가 아니다. 노출도 점수·시나리오·분류에 사용하지 않는다.
SC1011,내곡경로당,경로당,진해구,웅동1동,4812964000.0,broad_moderate,,broad_moderate,0,95.2,8,28,101,1,0,0,1,0.036,1.0,"최근접 배출원 95m, 300m 내 location 8개, 500m 내 location 28개, 대기배출 1개로 어느 축도 74곳 내부 상위 25%에 들지 않으나 모든 지표가 전체 취약시설 중앙값을 크게 웃돌아 전반 중등도형",전반 중등도형,stable_high 74곳 내부 quartile 및 source type 3종 동시 존재,profile은 노출 패턴 설명용 라벨이며 위험등급·순위가 아니다. 노출도 점수·시나리오·분류에 사용하지 않는다.
SC1016,우방아이유쉘경로당,경로당,진해구,웅동1동,4812964000.0,dense_cluster,,dense_cluster,1,175.3,9,58,129,1,0,0,1,0.017,1.0,"최근접 배출원 175m, 300m 내 location 9개, 500m 내 location 58개, 대기배출 1개로 밀집형 특성",밀집형,stable_high 74곳 내부 quartile 및 source type 3종 동시 존재,profile은 노출 패턴 설명용 라벨이며 위험등급·순위가 아니다. 노출도 점수·시나리오·분류에 사용하지 않는다.
CC0220,창원시청어린이집,어린이집,성산구,용지동,4812351500.0,air_dominant,very_close,very_close;air_dominant,2,0.0,7,17,40,9,0,5,2,0.529,0.972,"최근접 배출원 0m, 300m 내 location 7개, 500m 내 location 17개, 대기배출 9개, 소각 5개로 초근접형+대기집중형 특성",대기집중형,stable_high 74곳 내부 quartile 및 source type 3종 동시 존재,profile은 노출 패턴 설명용 라벨이며 위험등급·순위가 아니다. 노출도 점수·시나리오·분류에 사용하지 않는다.
CC0232,창원중앙어린이집,어린이집,성산구,중앙동,4812352000.0,very_close,air_dominant,very_close;air_dominant,2,0.0,11,17,38,6,0,4,2,0.353,0.972,"최근접 배출원 0m, 300m 내 location 11개, 500m 내 location 17개, 대기배출 6개, 소각 4개로 초근접형+대기집중형 특성",초근접형,stable_high 74곳 내부 quartile 및 source type 3종 동시 존재,profile은 노출 패턴 설명용 라벨이며 위험등급·순위가 아니다. 노출도 점수·시나리오·분류에 사용하지 않는다.
CC0283,경남청사 예다움어린이집,어린이집,마산합포구,오동동,4812563000.0,air_dominant,very_close,very_close;air_dominant,2,0.0,4,15,46,6,0,1,2,0.4,0.972,"최근접 배출원 0m, 300m 내 location 4개, 500m 내 location 15개, 대기배출 6개, 소각 1개로 초근접형+대기집중형 특성",대기집중형,stable_high 74곳 내부 quartile 및 source type 3종 동시 존재,profile은 노출 패턴 설명용 라벨이며 위험등급·순위가 아니다. 노출도 점수·시나리오·분류에 사용하지 않는다.
CC0348,아마데우스어린이집,어린이집,마산회원구,구암2동,4812761000.0,broad_moderate,,broad_moderate,0,97.4,2,7,84,1,1,0,2,0.143,0.972,"최근접 배출원 97m, 300m 내 location 2개, 500m 내 location 7개, 대기배출 1개, 지정폐기물 1개로 어느 축도 74곳 내부 상위 25%에 들지 않으나 모든 지표가 전체 취약시설 중앙값을 크게 웃돌아 전반 중등도형",전반 중등도형,stable_high 74곳 내부 quartile 및 source type 3종 동시 존재,profile은 노출 패턴 설명용 라벨이며 위험등급·순위가 아니다. 노출도 점수·시나리오·분류에 사용하지 않는다.
SC0270,중앙경로당,경로당,성산구,중앙동,4812352000.0,air_dominant,very_close,very_close;air_dominant,2,52.9,9,19,38,7,0,4,2,0.368,0.972,"최근접 배출원 53m, 300m 내 location 9개, 500m 내 location 19개, 대기배출 7개, 소각 4개로 초근접형+대기집중형 특성",대기집중형,stable_high 74곳 내부 quartile 및 source type 3종 동시 존재,profile은 노출 패턴 설명용 라벨이며 위험등급·순위가 아니다. 노출도 점수·시나리오·분류에 사용하지 않는다.
SC0436,외추경로당,경로당,마산합포구,진북면,4812533000.0,air_dominant,,air_dominant,1,63.1,7,24,43,9,0,1,2,0.375,0.972,"최근접 배출원 63m, 300m 내 location 7개, 500m 내 location 24개, 대기배출 9개, 소각 1개로 대기집중형 특성",대기집중형,stable_high 74곳 내부 quartile 및 source type 3종 동시 존재,profile은 노출 패턴 설명용 라벨이며 위험등급·순위가 아니다. 노출도 점수·시나리오·분류에 사용하지 않는다.
SC0832,제1남성경로당,경로당,마산회원구,구암2동,4812761000.0,broad_moderate,,broad_moderate,0,97.4,2,7,84,1,1,0,2,0.143,0.972,"최근접 배출원 97m, 300m 내 location 2개, 500m 내 location 7개, 대기배출 1개, 지정폐기물 1개로 어느 축도 74곳 내부 상위 25%에 들지 않으나 모든 지표가 전체 취약시설 중앙값을 크게 웃돌아 전반 중등도형",전반 중등도형,stable_high 74곳 내부 quartile 및 source type 3종 동시 존재,profile은 노출 패턴 설명용 라벨이며 위험등급·순위가 아니다. 노출도 점수·시나리오·분류에 사용하지 않는다.
SC0833,제1여성경로당,경로당,마산회원구,구암2동,4812761000.0,broad_moderate,,broad_moderate,0,97.4,2,7,84,1,1,0,2,0.143,0.972,"최근접 배출원 97m, 300m 내 location 2개, 500m 내 location 7개, 대기배출 1개, 지정폐기물 1개로 어느 축도 74곳 내부 상위 25%에 들지 않으나 모든 지표가 전체 취약시설 중앙값을 크게 웃돌아 전반 중등도형",전반 중등도형,stable_high 74곳 내부 quartile 및 source type 3종 동시 존재,profile은 노출 패턴 설명용 라벨이며 위험등급·순위가 아니다. 노출도 점수·시나리오·분류에 사용하지 않는다.
