facility_id,facility_type,facility_name,gu,administrative_dong,emd_b,h_code,address,matched_address,capacity,latitude,longitude,geo_source,geo_level,emd_src,facility_type_std
CC0326,어린이집,창원시립 진전어린이집,마산합포구,진전면,,,경상남도 창원시 마산합포구 오서곡안로 24,,20.0,35.19379928518024,128.5617765532719,dong_centroid,dong,진전면,childcare
SC0091,경로당,무동경로당,의창구,북면,,,경상남도 창원시 의창구 북면 동전무동안길 20-5(북면),,,35.32345487095824,128.5993832862103,dong_centroid,dong,북면,senior_center
SC0428,경로당,서북동경로당,마산합포구,진북면,,,경상남도 창원시 마산합포구 진북면 학동로 614,,,35.13862799675788,128.469426100907,dong_centroid,dong,진북면,senior_center
SC0434,경로당,영학(학동)경로당,마산합포구,진북면,,,경상남도 창원시 마산합포구 진북면 학동로 529,,,35.13862799675788,128.469426100907,dong_centroid,dong,진북면,senior_center
SC0439,경로당,인곡경로당,마산합포구,진북면,,,경상남도 창원시 마산합포구 진북면 의림로 244,,,35.13862799675788,128.469426100907,dong_centroid,dong,진북면,senior_center
SC0440,경로당,인곡상경로당,마산합포구,진북면,,,경상남도 창원시 마산합포구 진북면 의림로 258-1,,,35.13862799675788,128.469426100907,dong_centroid,dong,진북면,senior_center
SC0441,경로당,정곡경로당,마산합포구,진북면,,,경상남도 창원시 마산합포구 진북면 진북정곡길 267,,,35.13862799675788,128.469426100907,dong_centroid,dong,진북면,senior_center
SC0470,경로당,근곡경로당,마산합포구,진전면,,,경상남도 창원시 마산합포구 진전면 근곡1길 181,,,35.19379928518024,128.5617765532719,dong_centroid,dong,진전면,senior_center
SC0471,경로당,신기경로당,마산합포구,진전면,,,경상남도 창원시 마산합포구 진전면 진전신기길 5,,,35.19379928518024,128.5617765532719,dong_centroid,dong,진전면,senior_center
SC0472,경로당,임곡경로당,마산합포구,진전면,,,경상남도 창원시 마산합포구 진전면 임곡길 133,,,35.19379928518024,128.5617765532719,dong_centroid,dong,진전면,senior_center
SC0473,경로당,진목경로당,마산합포구,진전면,,,경상남도 창원시 마산합포구 진전면 진목길 42,,,35.19379928518024,128.5617765532719,dong_centroid,dong,진전면,senior_center
SC0476,경로당,도산경로당,마산합포구,진전면,,,경상남도 창원시 마산합포구 진전면 팔의사로 841-17,,,35.19379928518024,128.5617765532719,dong_centroid,dong,진전면,senior_center
SC0477,경로당,곡안경로당,마산합포구,진전면,,,경상남도 창원시 마산합포구 진전면 곡안1길 18,,,35.19379928518024,128.5617765532719,dong_centroid,dong,진전면,senior_center
SC0478,경로당,곡안부녀경로당,마산합포구,진전면,,,경상남도 창원시 마산합포구 진전면 곡안1길 18,,,35.19379928518024,128.5617765532719,dong_centroid,dong,진전면,senior_center
SC0480,경로당,동산여성경로당,마산합포구,진전면,,,경상남도 창원시 마산합포구 진전면 동산1길 51,,,35.19379928518024,128.5617765532719,dong_centroid,dong,진전면,senior_center
SC0481,경로당,양촌경로당,마산합포구,진전면,,,경상남도 창원시 마산합포구 진전면 팔의사로 390,,,35.19379928518024,128.5617765532719,dong_centroid,dong,진전면,senior_center
SC0482,경로당,개양경로당,마산합포구,진전면,,,경상남도 창원시 마산합포구 진전면 개양길 11,,,35.19379928518024,128.5617765532719,dong_centroid,dong,진전면,senior_center
SC0483,경로당,대정경로당,마산합포구,진전면,,,경상남도 창원시 마산합포구 진전면 의산삼일로 11,,,35.19379928518024,128.5617765532719,dong_centroid,dong,진전면,senior_center
SC0485,경로당,일암경로당,마산합포구,진전면,,,경상남도 창원시 마산합포구 진전면 일암1길 213,,,35.19379928518024,128.5617765532719,dong_centroid,dong,진전면,senior_center
SC0487,경로당,동대경로당,마산합포구,진전면,,,경상남도 창원시 마산합포구 진전면 오서로 19,,,35.19379928518024,128.5617765532719,dong_centroid,dong,진전면,senior_center
SC0488,경로당,동대부녀경로당,마산합포구,진전면,,,경상남도 창원시 마산합포구 진전면 오서로 7-1,,,35.19379928518024,128.5617765532719,dong_centroid,dong,진전면,senior_center
SC0489,경로당,문화마을경로당,마산합포구,진전면,,,경상남도 창원시 마산합포구 진전면 오서1길 14,,,35.19379928518024,128.5617765532719,dong_centroid,dong,진전면,senior_center
SC0490,경로당,서대경로당,마산합포구,진전면,,,경상남도 창원시 마산합포구 진전면 대실로 120,,,35.19379928518024,128.5617765532719,dong_centroid,dong,진전면,senior_center
SC0491,경로당,회동경로당,마산합포구,진전면,,,경상남도 창원시 마산합포구 진전면 탑동길 57,,,35.19379928518024,128.5617765532719,dong_centroid,dong,진전면,senior_center
SC0492,경로당,탑동경로당,마산합포구,진전면,,,경상남도 창원시 마산합포구 진전면 탑동길 246,,,35.19379928518024,128.5617765532719,dong_centroid,dong,진전면,senior_center
SC0493,경로당,월안경로당,마산합포구,진전면,,,경상남도 창원시 마산합포구 진전면 월안2길 11,,,35.19379928518024,128.5617765532719,dong_centroid,dong,진전면,senior_center
SC0494,경로당,호산경로당,마산합포구,진전면,,,경상남도 창원시 마산합포구 진전며뉴 호산정달로 59,,,35.19379928518024,128.5617765532719,dong_centroid,dong,진전면,senior_center
SC0495,경로당,이명경로당,마산합포구,진전면,,,경상남도 창원시 마산합포구 진전면 이명1길 94,,,35.19379928518024,128.5617765532719,dong_centroid,dong,진전면,senior_center
SC0496,경로당,정달경로당,마산합포구,진전면,,,경상남도 창원시 마산합포구 진전면 호산정달로 151-29,,,35.19379928518024,128.5617765532719,dong_centroid,dong,진전면,senior_center
SC0499,경로당,시락경로당,마산합포구,진전면,,,경상남도 창원시 마산합포구 진전면 회진로 1016-6,,,35.19379928518024,128.5617765532719,dong_centroid,dong,진전면,senior_center
SC0500,경로당,정곡경로당,마산합포구,진전면,,,경상남도 창원시 마산합포구 진전면 진전정곡길 23-2,,,35.19379928518024,128.5617765532719,dong_centroid,dong,진전면,senior_center
SC0502,경로당,상평경로당,마산합포구,진전면,,,경상남도 창원시 마산합포구 진전면 상평음달길 2,,,35.19379928518024,128.5617765532719,dong_centroid,dong,진전면,senior_center
SC0503,경로당,미천경로당,마산합포구,진전면,,,경상남도 창원시 마산합포구 진전면 미천1길 72-4,,,35.19379928518024,128.5617765532719,dong_centroid,dong,진전면,senior_center
SC0504,경로당,상촌경로당,마산합포구,진전면,,,경상남도 창원시 마산합포구 진전면 금암상촌길 88,,,35.19379928518024,128.5617765532719,dong_centroid,dong,진전면,senior_center
SC0505,경로당,의산경로당,마산합포구,진전면,,,경상남도 창원시 마산합포구 진전면 의산삼일로 65-1,,,35.19379928518024,128.5617765532719,dong_centroid,dong,진전면,senior_center
SC0506,경로당,의산부녀경로당,마산합포구,진전면,,,경상남도 창원시 마산합포구 진전면 의산삼일로 65-1,,,35.19379928518024,128.5617765532719,dong_centroid,dong,진전면,senior_center
SC0507,경로당,중촌경로당,마산합포구,진전면,,,경상남도 창원시 마산합포구 진전면 금암중촌길 43,,,35.19379928518024,128.5617765532719,dong_centroid,dong,진전면,senior_center
SC0508,경로당,거락경로당,마산합포구,진전면,,,경상남도 창원시 마산합포구 진전면 거락2길 6,,,35.19379928518024,128.5617765532719,dong_centroid,dong,진전면,senior_center
SC0509,경로당,원산경로당,마산합포구,진전면,,,경상남도 창원시 마산합포구 진전면 의산삼일로 248,,,35.19379928518024,128.5617765532719,dong_centroid,dong,진전면,senior_center
SC0510,경로당,대량경로당,마산합포구,진전면,,,경상남도 창원시 마산합포구 진전면 대량1길 98,,,35.19379928518024,128.5617765532719,dong_centroid,dong,진전면,senior_center
SC0511,경로당,옥방경로당,마산합포구,진전면,,,경상남도 창원시 마산합포구 진전면 옥방샛담길 55,,,35.19379928518024,128.5617765532719,dong_centroid,dong,진전면,senior_center
SC0512,경로당,옥방내동경로당,마산합포구,진전면,,,경상남도 창원시 마산합포구 진전면 옥방내동길 195,,,35.19379928518024,128.5617765532719,dong_centroid,dong,진전면,senior_center
SC0513,경로당,둔덕경로당,마산합포구,진전면,,,경상남도 창원시 마산합포구 진전면 둔덕안담길 27,,,35.19379928518024,128.5617765532719,dong_centroid,dong,진전면,senior_center
SC0882,경로당,대광APT 경로당,진해구,여좌동,,,"경상남도 창원시 진해구 여명남로16번길 22(여좌동, 대광아파트)",,,35.159215438320686,128.66136273731445,dong_centroid,dong,여좌동,senior_center
SC0900,경로당,경화동새마을경로당,진해구,경화동,,,경상남도 창원시 진해구 조천북로85번길 21(경화동),,,35.158436603493975,128.68294578026843,dong_centroid,dong,경화동,senior_center
