station_id,station_name,sigungu,network_type,operator,address,latitude,longitude,geo_precision,geo_status,kakao_address_name,region_2depth_name,h_code,region_3depth_h_name,source,source_url,address_corrected,is_changwon,geocode_region,region_match
AQ001,경화동,창원시 진해구,도시대기,경상남도보건환경연구원,경상남도 창원시 진해구 경화로16번길 31,35.1549770590788,128.68955776305,exact,success,경남 창원시 진해구 경화로16번길 31,창원시 진해구,4812957000,병암동,에어코리아(한국환경공단) 측정소 정보,https://www.airkorea.or.kr/web/stationInfo?pMENU_NO=93,False,True,창원시 진해구,True
AQ002,명서동,창원시 의창구,도시대기,경상남도보건환경연구원,경상남도 창원시 의창구 우곡로101번길 28,35.2433939156134,128.641746040928,exact,success,경남 창원시 의창구 우곡로101번길 28,창원시 의창구,4812153000,명곡동,에어코리아(한국환경공단) 측정소 정보,https://www.airkorea.or.kr/web/stationInfo?pMENU_NO=93,False,True,창원시 의창구,True
AQ003,용지동,창원시 성산구,도시대기,경상남도보건환경연구원,경상남도 창원시 성산구 용지로239번길 19-4,35.2360355567688,128.684509055741,exact,success,경남 창원시 성산구 용지로239번길 19-4,창원시 성산구,4812351500,용지동,에어코리아(한국환경공단) 측정소 정보,https://www.airkorea.or.kr/web/stationInfo?pMENU_NO=93,True,True,창원시 성산구,True
AQ004,성주동,창원시 성산구,도시대기,경상남도보건환경연구원,경상남도 창원시 성산구 외리로14번길 18,35.1993976419004,128.711049581714,exact,success,경남 창원시 성산구 외리로14번길 18,창원시 성산구,4812356000,성주동,에어코리아(한국환경공단) 측정소 정보,https://www.airkorea.or.kr/web/stationInfo?pMENU_NO=93,False,True,창원시 성산구,True
AQ005,웅남동,창원시 성산구,도시대기,경상남도보건환경연구원,경상남도 창원시 성산구 공단로 303,35.2122734649683,128.658273543342,exact,success,경남 창원시 성산구 공단로 303,창원시 성산구,4812357000,웅남동,에어코리아(한국환경공단) 측정소 정보,https://www.airkorea.or.kr/web/stationInfo?pMENU_NO=93,False,True,창원시 성산구,True
AQ006,사파동,창원시 성산구,도시대기,경상남도보건환경연구원,경상남도 창원시 성산구 창이대로706번길 16-23,35.221822828957,128.698230464809,exact,success,경남 창원시 성산구 창이대로706번길 16-23,창원시 성산구,4812354000,사파동,에어코리아(한국환경공단) 측정소 정보,https://www.airkorea.or.kr/web/stationInfo?pMENU_NO=93,False,True,창원시 성산구,True
AQ007,봉암동,창원시 마산회원구,도시대기,경상남도보건환경연구원,경상남도 창원시 마산회원구 봉양로 148,35.2175966022284,128.602470177916,exact,success,경남 창원시 마산회원구 봉양로 148,창원시 마산회원구,4812762000,봉암동,에어코리아(한국환경공단) 측정소 정보,https://www.airkorea.or.kr/web/stationInfo?pMENU_NO=93,False,True,창원시 마산회원구,True
AQ008,회원동,창원시 마산회원구,도시대기,경상남도보건환경연구원,경상남도 창원시 마산회원구 회원동11길 7,35.2183781619558,128.574084146221,exact,success,경남 창원시 마산회원구 회원동11길 7,창원시 마산회원구,4812751000,회원1동,에어코리아(한국환경공단) 측정소 정보,https://www.airkorea.or.kr/web/stationInfo?pMENU_NO=93,True,True,창원시 마산회원구,True
AQ009,내서읍,창원시 마산회원구,도시대기,경상남도보건환경연구원,경상남도 창원시 마산회원구 광려로 8,35.2260903004507,128.503100300431,exact,success,경남 창원시 마산회원구 내서읍 광려로 8,창원시 마산회원구,4812725000,내서읍,에어코리아(한국환경공단) 측정소 정보,https://www.airkorea.or.kr/web/stationInfo?pMENU_NO=93,False,True,창원시 마산회원구,True
AQ010,월영동,창원시 마산합포구,도시대기,경상남도보건환경연구원,경상남도 창원시 마산합포구 월영동16길 22,35.1832953074462,128.562664468835,exact,success,경남 창원시 마산합포구 월영동16길 22,창원시 마산합포구,4812553000,월영동,에어코리아(한국환경공단) 측정소 정보,https://www.airkorea.or.kr/web/stationInfo?pMENU_NO=93,False,True,창원시 마산합포구,True
AQ011,동상동,김해시,도시대기,경상남도보건환경연구원,경상남도 김해시 호계로517번길 8,35.2368522491324,128.883457221191,exact,success,경남 김해시 호계로517번길 8,김해시,4825051000,동상동,에어코리아(한국환경공단) 측정소 정보,https://www.airkorea.or.kr/web/stationInfo?pMENU_NO=93,False,False,김해시,True
AQ012,삼방동,김해시,도시대기,경상남도보건환경연구원,경상남도 김해시 활천로 303,35.2441678343034,128.911306394725,exact,success,경남 김해시 활천로 303,김해시,4825059000,삼안동,에어코리아(한국환경공단) 측정소 정보,https://www.airkorea.or.kr/web/stationInfo?pMENU_NO=93,False,False,김해시,True
AQ013,장유동,김해시,도시대기,경상남도보건환경연구원,경상남도 김해시 능동로 149,35.2023416965296,128.807214221114,exact,success,경남 김해시 능동로 149,김해시,4825061000,장유1동,에어코리아(한국환경공단) 측정소 정보,https://www.airkorea.or.kr/web/stationInfo?pMENU_NO=93,False,False,김해시,True
AQ014,진영읍,김해시,도시대기,경상남도보건환경연구원,경상남도 김해시 김해대로365번길 6-24,35.3077899264897,128.731091408245,exact,success,경남 김해시 진영읍 김해대로365번길 6-24,김해시,4825025000,진영읍,에어코리아(한국환경공단) 측정소 정보,https://www.airkorea.or.kr/web/stationInfo?pMENU_NO=93,False,False,김해시,True
AQ015,진례면,김해시,도시대기,경상남도보건환경연구원,경상남도 김해시 진례로 241,35.2490671718259,128.747724042777,exact,success,경남 김해시 진례면 진례로 241,김해시,4825033000,진례면,에어코리아(한국환경공단) 측정소 정보,https://www.airkorea.or.kr/web/stationInfo?pMENU_NO=93,False,False,김해시,True
AQ016,가야읍,함안군,도시대기,경상남도보건환경연구원,경상남도 함안군 함안대로 505,35.2720010482262,128.408209469327,exact,success,경남 함안군 가야읍 함안대로 505,함안군,4873025000,가야읍,에어코리아(한국환경공단) 측정소 정보,https://www.airkorea.or.kr/web/stationInfo?pMENU_NO=93,False,False,함안군,True
AQ017,창녕읍,창녕군,도시대기,경상남도보건환경연구원,경상남도 창녕군 우포2로 1189-35,35.5749940656704,128.44077078382,region,success,경남 창녕군 대지면 우포2로,창녕군,,,에어코리아(한국환경공단) 측정소 정보,https://www.airkorea.or.kr/web/stationInfo?pMENU_NO=93,False,False,창녕군,True
AQ018,고성읍,고성군,도시대기,경상남도보건환경연구원,경상남도 고성군 중앙로 35,34.9745155341916,128.324446982439,exact,success,경남 고성군 고성읍 중앙로 35,고성군,4882025000,고성읍,에어코리아(한국환경공단) 측정소 정보,https://www.airkorea.or.kr/web/stationInfo?pMENU_NO=93,False,False,고성군,True
AQ019,고현동,거제시,도시대기,경상남도보건환경연구원,경상남도 거제시 계룡로 125,34.8805543084654,128.62078918694,exact,success,경남 거제시 계룡로 125,거제시,4831058000,고현동,에어코리아(한국환경공단) 측정소 정보,https://www.airkorea.or.kr/web/stationInfo?pMENU_NO=93,False,False,거제시,True
AQ020,아주동,거제시,도시대기,경상남도보건환경연구원,경상남도 거제시 아주동 산164-1,34.8632800910882,128.690632125055,exact,success,경남 거제시 아주동 산 164-1,거제시,4831054000,아주동,에어코리아(한국환경공단) 측정소 정보,https://www.airkorea.or.kr/web/stationInfo?pMENU_NO=93,False,False,거제시,True
AQ021,무전동,통영시,도시대기,경상남도보건환경연구원,경상남도 통영시 안개4길 53,34.8572475933225,128.432386294284,exact,success,경남 통영시 안개4길 53,통영시,4822070000,무전동,에어코리아(한국환경공단) 측정소 정보,https://www.airkorea.or.kr/web/stationInfo?pMENU_NO=93,False,False,통영시,True
AQ022,북부동,양산시,도시대기,경상남도보건환경연구원,경상남도 양산시 북안남5길 21,35.3459605162414,129.040465046657,exact,success,경남 양산시 북안남5길 21,양산시,4833051000,중앙동,에어코리아(한국환경공단) 측정소 정보,https://www.airkorea.or.kr/web/stationInfo?pMENU_NO=93,False,False,양산시,True
AQ023,삼호동,양산시,도시대기,경상남도보건환경연구원,경상남도 양산시 삼호9길 11,35.4143864012035,129.171994921439,exact,success,경남 양산시 삼호9길 11,양산시,4833054000,서창동,에어코리아(한국환경공단) 측정소 정보,https://www.airkorea.or.kr/web/stationInfo?pMENU_NO=93,False,False,양산시,True
AQ024,물금읍,양산시,도시대기,경상남도보건환경연구원,경상남도 양산시 황산로 384,35.3103552294812,128.987284181409,exact,success,경남 양산시 물금읍 황산로 384,양산시,4833025300,물금읍,에어코리아(한국환경공단) 측정소 정보,https://www.airkorea.or.kr/web/stationInfo?pMENU_NO=93,False,False,양산시,True
AQ025,의령읍,의령군,도시대기,경상남도보건환경연구원,경상남도 의령군 의병로8길 44,35.3154535101567,128.255893112204,exact,success,경남 의령군 의령읍 의병로8길 44,의령군,4872025000,의령읍,에어코리아(한국환경공단) 측정소 정보,https://www.airkorea.or.kr/web/stationInfo?pMENU_NO=93,False,False,의령군,True
AQ026,대안동,진주시,도시대기,경상남도보건환경연구원,경상남도 진주시 진주대로 1052,35.1935545621753,128.08450796251,exact,success,경남 진주시 진주대로 1052,진주시,4817056500,중앙동,에어코리아(한국환경공단) 측정소 정보,https://www.airkorea.or.kr/web/stationInfo?pMENU_NO=93,False,False,진주시,True
AQ027,상대동,진주시,도시대기,경상남도보건환경연구원,경상남도 진주시 동진로 279,35.1813272447306,128.121596827543,exact,success,경남 진주시 동진로 279,진주시,4817067300,상대동,에어코리아(한국환경공단) 측정소 정보,https://www.airkorea.or.kr/web/stationInfo?pMENU_NO=93,False,False,진주시,True
AQ028,상봉동,진주시,도시대기,경상남도보건환경연구원,경상남도 진주시 북장대로64번길 14,35.1958940138334,128.074566128619,exact,success,경남 진주시 북장대로64번길 14,진주시,4817055500,성북동,에어코리아(한국환경공단) 측정소 정보,https://www.airkorea.or.kr/web/stationInfo?pMENU_NO=93,False,False,진주시,True
AQ029,정촌면,진주시,도시대기,경상남도보건환경연구원,경상남도 진주시 정촌면 예하리 1340,35.1249299209872,128.099781197946,exact,success,경남 진주시 정촌면 예하리 1340,진주시,4817032000,정촌면,에어코리아(한국환경공단) 측정소 정보,https://www.airkorea.or.kr/web/stationInfo?pMENU_NO=93,False,False,진주시,True
AQ030,사천읍,사천시,도시대기,경상남도보건환경연구원,경상남도 사천시 읍내로 52,35.0828027332239,128.091200243123,exact,success,경남 사천시 사천읍 읍내로 52,사천시,4824025000,사천읍,에어코리아(한국환경공단) 측정소 정보,https://www.airkorea.or.kr/web/stationInfo?pMENU_NO=93,False,False,사천시,True
AQ031,향촌동,사천시,도시대기,경상남도보건환경연구원,경상남도 사천시 향촌5길 28,34.9338503704984,128.093442236838,exact,success,경남 사천시 향촌5길 28,사천시,4824057000,향촌동,에어코리아(한국환경공단) 측정소 정보,https://www.airkorea.or.kr/web/stationInfo?pMENU_NO=93,False,False,사천시,True
AQ032,하동읍,하동군,도시대기,경상남도보건환경연구원,경상남도 하동군 군청로 23,35.067338852176,127.751323018573,exact,success,경남 하동군 하동읍 군청로 23,하동군,4885025000,하동읍,에어코리아(한국환경공단) 측정소 정보,https://www.airkorea.or.kr/web/stationInfo?pMENU_NO=93,False,False,하동군,True
AQ033,금성면,하동군,도시대기,경상남도보건환경연구원,경상남도 하동군 금성중앙길 14,34.9659349097789,127.794167345231,exact,success,경남 하동군 금성면 금성중앙길 14,하동군,4885042000,금성면,에어코리아(한국환경공단) 측정소 정보,https://www.airkorea.or.kr/web/stationInfo?pMENU_NO=93,False,False,하동군,True
AQ034,함양읍,함양군,도시대기,경상남도보건환경연구원,경상남도 함양군 고운로 35,35.5215042019181,127.724508443674,exact,success,경남 함양군 함양읍 고운로 35,함양군,4887025000,함양읍,에어코리아(한국환경공단) 측정소 정보,https://www.airkorea.or.kr/web/stationInfo?pMENU_NO=93,False,False,함양군,True
AQ035,거창읍,거창군,도시대기,경상남도보건환경연구원,경상남도 거창군 거함대로 3252,35.6814673271907,127.917448427072,exact,success,경남 거창군 거창읍 거함대로 3252,거창군,4888025000,거창읍,에어코리아(한국환경공단) 측정소 정보,https://www.airkorea.or.kr/web/stationInfo?pMENU_NO=93,False,False,거창군,True
AQ036,합천읍,합천군,도시대기,경상남도보건환경연구원,경상남도 합천군 대야로 888-20,35.5672426150434,128.165167306688,exact,success,경남 합천군 합천읍 대야로 888-20,합천군,4889025000,합천읍,에어코리아(한국환경공단) 측정소 정보,https://www.airkorea.or.kr/web/stationInfo?pMENU_NO=93,False,False,합천군,True
AQ037,남해읍,남해군,도시대기,경상남도보건환경연구원,경상남도 남해군 남해대로 2745,34.8319601067584,127.899185508281,exact,success,경남 남해군 남해읍 남해대로 2745,남해군,4884025000,남해읍,에어코리아(한국환경공단) 측정소 정보,https://www.airkorea.or.kr/web/stationInfo?pMENU_NO=93,False,False,남해군,True
