station_id,station_name,sigungu,latitude,longitude,h_code,region_3depth_h_name,address,source_sites_within_300m,source_sites_within_500m,source_sites_within_1000m,source_sites_within_2000m,source_sites_within_3000m,nearest_source_sites_distance_m,source_locations_within_300m,source_locations_within_500m,source_locations_within_1000m,source_locations_within_2000m,source_locations_within_3000m,nearest_source_locations_distance_m,factory_sites_within_300m,factory_sites_within_500m,factory_sites_within_1000m,factory_sites_within_2000m,factory_sites_within_3000m,nearest_factory_sites_distance_m,air_emission_sites_within_300m,air_emission_sites_within_500m,air_emission_sites_within_1000m,air_emission_sites_within_2000m,air_emission_sites_within_3000m,nearest_air_emission_sites_distance_m,water_emission_sites_within_300m,water_emission_sites_within_500m,water_emission_sites_within_1000m,water_emission_sites_within_2000m,water_emission_sites_within_3000m,nearest_water_emission_sites_distance_m,noise_emission_sites_within_300m,noise_emission_sites_within_500m,noise_emission_sites_within_1000m,noise_emission_sites_within_2000m,noise_emission_sites_within_3000m,nearest_noise_emission_sites_distance_m,waste_sites_within_300m,waste_sites_within_500m,waste_sites_within_1000m,waste_sites_within_2000m,waste_sites_within_3000m,nearest_waste_sites_distance_m,designated_waste_sites_within_300m,designated_waste_sites_within_500m,designated_waste_sites_within_1000m,designated_waste_sites_within_2000m,designated_waste_sites_within_3000m,nearest_designated_waste_sites_distance_m,incineration_sites_within_300m,incineration_sites_within_500m,incineration_sites_within_1000m,incineration_sites_within_2000m,incineration_sites_within_3000m,nearest_incineration_sites_distance_m,employees_sum_within_1000m,employees_known_count_within_1000m,employees_sum_within_3000m,employees_known_count_within_3000m,factory_area_sum_within_1000m,factory_area_known_count_within_1000m,factory_area_sum_within_3000m,factory_area_known_count_within_3000m
AQ001,경화동,창원시 진해구,35.1549770590788,128.68955776305,4812957000.0,병암동,경상남도 창원시 진해구 경화로16번길 31,2,5,20,43,86,245.6,2,5,20,42,81,245.6,0,0,0,0,0,3645.2,1,1,3,5,11,245.6,1,4,12,27,57,257.2,0,0,2,3,9,532.3,1,1,6,11,19,245.6,1,1,6,11,19,245.6,1,1,3,6,11,245.6,0.0,0,0.0,0,0.0,0,0.0,0
AQ002,명서동,창원시 의창구,35.2433939156134,128.641746040928,4812153000.0,명곡동,경상남도 창원시 의창구 우곡로101번길 28,0,0,122,560,980,560.4,0,0,52,287,481,560.4,0,0,84,415,733,635.2,0,0,6,78,119,721.1,0,0,36,102,179,651.5,0,0,0,0,0,4623.2,0,0,11,40,88,560.4,0,0,0,0,0,3861.5,0,0,3,13,36,726.8,879.0,84,14407.0,733,58262.2,84,1185092.3,733
AQ003,용지동,창원시 성산구,35.2360355567688,128.684509055741,4812351500.0,용지동,경상남도 창원시 성산구 용지로239번길 19-4,6,6,24,91,170,177.6,6,6,23,74,115,177.6,0,0,1,22,66,601.2,0,0,8,26,45,631.3,6,6,14,32,57,177.6,0,0,0,0,0,4692.0,0,0,3,20,36,527.4,0,0,0,0,0,7015.0,0,0,0,13,22,1046.4,268.0,1,2572.0,66,1458.3,1,179768.7,66
AQ004,성주동,창원시 성산구,35.1993976419004,128.711049581714,4812356000.0,성주동,경상남도 창원시 성산구 외리로14번길 18,1,1,28,204,298,291.9,1,1,14,134,178,291.9,0,0,16,137,194,764.1,1,1,7,41,63,291.9,1,1,7,50,72,291.9,0,0,0,1,1,1736.6,1,1,10,41,70,291.9,0,0,0,0,0,4711.0,1,1,5,19,33,291.9,3104.0,16,16550.0,194,289291.9,16,1541156.2,194
AQ005,웅남동,창원시 성산구,35.2122734649683,128.658273543342,4812357000.0,웅남동,경상남도 창원시 성산구 공단로 303,11,42,959,1406,1844,0.0,6,22,179,425,668,0.0,7,33,904,1262,1551,0.0,2,11,38,89,176,169.4,3,14,54,123,192,169.4,0,0,0,0,0,3738.3,5,12,53,110,173,0.0,0,0,0,0,0,4218.7,2,6,16,50,82,169.4,19177.0,904,43034.0,1551,1389720.1,904,3808674.0,1551
AQ006,사파동,창원시 성산구,35.221822828957,128.698230464809,4812354000.0,사파동,경상남도 창원시 성산구 창이대로706번길 16-23,1,5,16,59,240,201.1,1,5,16,55,160,201.1,0,0,1,8,118,896.6,0,2,4,24,61,390.7,1,2,9,22,75,201.1,0,0,0,0,0,3087.2,0,1,3,11,58,359.2,0,0,0,0,0,7064.7,0,0,1,6,34,702.0,4.0,1,12352.0,118,17.5,1,1083501.8,118
AQ007,봉암동,창원시 마산회원구,35.2175966022284,128.602470177916,4812762000.0,봉암동,경상남도 창원시 마산회원구 봉양로 148,26,78,231,285,421,67.0,24,67,194,235,333,67.0,0,0,2,8,51,897.0,10,35,111,125,150,67.0,16,52,148,171,233,67.0,0,1,1,2,5,302.3,4,10,32,52,76,104.0,4,7,19,25,31,104.0,1,3,13,25,34,275.5,568.0,2,3922.0,51,68230.1,2,700941.8,51
AQ008,회원동,창원시 마산회원구,35.2183781619558,128.574084146221,4812751000.0,회원1동,경상남도 창원시 마산회원구 회원동11길 7,2,6,23,152,380,202.6,2,6,22,136,327,202.6,0,0,0,0,2,2792.2,0,0,4,37,142,640.9,1,5,15,92,242,214.7,0,0,0,5,8,1283.7,1,1,4,36,65,202.6,1,1,3,16,29,202.6,0,0,0,17,25,1009.5,0.0,0,154.0,2,0.0,0,35589.4,2
AQ009,내서읍,창원시 마산회원구,35.2260903004507,128.503100300431,4812725000.0,내서읍,경상남도 창원시 마산회원구 광려로 8,1,1,9,38,77,273.6,1,1,7,35,71,273.6,0,0,0,0,0,8841.6,0,0,1,18,41,787.6,1,1,4,17,35,273.6,0,0,4,4,5,671.8,0,0,1,9,16,774.9,0,0,0,4,7,1096.9,0,0,1,2,5,774.9,0.0,0,0.0,0,0.0,0,0.0,0
AQ010,월영동,창원시 마산합포구,35.1832953074462,128.562664468835,4812553000.0,월영동,경상남도 창원시 마산합포구 월영동16길 22,5,16,25,56,104,160.8,5,15,24,49,90,160.8,0,0,0,0,2,2800.5,1,4,7,17,25,280.8,4,12,16,32,55,160.8,0,0,0,4,14,1926.5,1,2,6,15,29,280.8,0,0,0,0,0,3931.2,1,2,5,9,14,280.8,0.0,0,81.0,2,0.0,0,12425.2,2
