station_name,days_total,pm10_mean,pm10_median,pm10_p95,pm10_max,pm10_valid_days,pm10_coverage,pm25_mean,pm25_median,pm25_p95,pm25_max,pm25_valid_days,pm25_coverage,no2_mean,no2_median,no2_p95,no2_max,no2_valid_days,no2_coverage,so2_mean,so2_median,so2_p95,so2_max,so2_valid_days,so2_coverage,co_mean,co_median,co_p95,co_max,co_valid_days,co_coverage,o3_mean,o3_median,o3_p95,o3_max,o3_valid_days,o3_coverage,rows,hour_coverage,pm10_missing_rate,pm25_missing_rate,no2_missing_rate,so2_missing_rate,co_missing_rate,o3_missing_rate
경화동,93,19.7857,19.3043,29.7292,33.1304,89,0.957,12.1423,11.1739,22.8758,25.2609,89,0.957,0.0057,0.0055,0.0089,0.0127,89,0.957,0.0023,0.0021,0.003,0.0038,89,0.957,0.2704,0.2783,0.3304,0.4348,89,0.957,0.0367,0.0377,0.0523,0.0655,89,0.957,2205,0.9991,0.0245,0.0331,0.024,0.0245,0.024,0.024
내서읍,93,18.1935,17.5714,28.0269,31.0,85,0.914,10.3279,9.8696,19.1957,22.913,86,0.9247,0.0067,0.0066,0.0091,0.0113,87,0.9355,0.0025,0.0024,0.003,0.0035,87,0.9355,0.2972,0.3,0.4226,0.4522,87,0.9355,0.0306,0.0307,0.0463,0.0532,87,0.9355,2187,0.9909,0.0343,0.0352,0.0233,0.0233,0.0233,0.0242
명서동,93,19.34,17.8043,30.5935,38.0435,88,0.9462,11.4489,10.9131,21.7123,28.0435,88,0.9462,0.0084,0.0076,0.0149,0.021,89,0.957,0.0031,0.003,0.004,0.0043,89,0.957,0.2182,0.213,0.2878,0.4783,89,0.957,0.0346,0.0358,0.0522,0.0655,89,0.957,2207,1.0,0.0344,0.034,0.0258,0.0258,0.0258,0.0258
봉암동,93,20.183,18.8696,30.987,37.3043,87,0.9355,11.3197,10.913,19.2348,25.0435,87,0.9355,0.0137,0.0134,0.0211,0.029,87,0.9355,0.0036,0.0035,0.005,0.0059,87,0.9355,0.3144,0.313,0.4278,0.4783,87,0.9355,0.031,0.0321,0.049,0.058,87,0.9355,2207,1.0,0.0381,0.0367,0.0372,0.039,0.0372,0.0372
사파동,93,16.7361,15.8571,25.7305,30.6087,87,0.9355,7.3455,6.9048,13.1869,17.1429,87,0.9355,0.0072,0.0069,0.0114,0.0127,87,0.9355,0.0028,0.003,0.0036,0.0039,87,0.9355,0.2809,0.2913,0.3813,0.4522,87,0.9355,0.0349,0.0353,0.0506,0.0591,87,0.9355,2207,1.0,0.0417,0.0408,0.0362,0.0362,0.0362,0.0362
성주동,93,18.7337,17.6108,29.4217,32.8696,88,0.9462,10.6184,10.2522,17.4152,22.8,88,0.9462,0.0079,0.0076,0.0126,0.0153,88,0.9462,0.0027,0.0027,0.0034,0.0038,88,0.9462,0.2322,0.2239,0.3084,0.4174,88,0.9462,0.0356,0.0369,0.0516,0.0617,88,0.9462,2194,0.9941,0.0251,0.0251,0.0251,0.0251,0.0251,0.0251
용지동,93,21.2367,19.7826,31.6149,39.5652,89,0.957,10.6468,9.7391,18.3131,26.6087,89,0.957,0.0071,0.0064,0.012,0.0165,88,0.9462,0.0027,0.0027,0.0034,0.004,88,0.9462,0.3296,0.3348,0.4261,0.5696,88,0.9462,0.0353,0.035,0.0516,0.0599,88,0.9462,2204,0.9986,0.0245,0.0286,0.0277,0.0277,0.0277,0.0277
웅남동,86,19.7503,18.7391,32.0261,38.0435,77,0.8953,11.9063,11.3913,22.0347,27.7391,77,0.8953,0.0091,0.0089,0.0152,0.0215,77,0.8953,0.0028,0.0027,0.0036,0.0041,77,0.8953,0.252,0.2435,0.3313,0.4826,77,0.8953,0.034,0.035,0.0483,0.0545,77,0.8953,1980,0.8971,0.0389,0.0394,0.0389,0.0389,0.0389,0.0389
월영동,93,22.0134,20.587,33.6957,37.8261,88,0.9462,11.207,10.8913,19.4224,24.7826,88,0.9462,0.0089,0.0086,0.0134,0.0192,88,0.9462,0.0029,0.0029,0.0036,0.004,88,0.9462,0.2467,0.2381,0.3261,0.4348,87,0.9355,0.0351,0.0354,0.0508,0.0632,88,0.9462,2207,1.0,0.0249,0.0263,0.0249,0.0249,0.0326,0.0249
회원동,93,18.2456,17.6818,28.6,32.4348,89,0.957,11.0998,10.0455,20.7826,23.5652,89,0.957,0.0094,0.0092,0.0128,0.0182,89,0.957,0.0029,0.003,0.0037,0.0042,89,0.957,0.2414,0.2304,0.3184,0.413,89,0.957,0.0331,0.0337,0.0511,0.0604,88,0.9462,2195,0.9946,0.0196,0.0219,0.0228,0.0228,0.0228,0.026
