density_metric,pollutant,spearman_rho,p_value,n,significant_at_0.05
source_locations_within_1000m,pm10,0.6242,0.0537,10,False
source_locations_within_1000m,pm25,0.6606,0.0376,10,True
source_locations_within_1000m,no2,0.697,0.0251,10,True
source_locations_within_1000m,so2,0.7279,0.017,10,True
source_locations_within_1000m,co,0.0061,0.9867,10,False
source_locations_within_1000m,o3,-0.2121,0.5563,10,False
source_sites_within_1000m,pm10,0.4788,0.1615,10,False
source_sites_within_1000m,pm25,0.5515,0.0984,10,False
source_sites_within_1000m,no2,0.6848,0.0289,10,True
source_sites_within_1000m,so2,0.5811,0.0781,10,False
source_sites_within_1000m,co,-0.2848,0.425,10,False
source_sites_within_1000m,o3,-0.0545,0.881,10,False
air_emission_sites_within_1000m,pm10,0.6037,0.0646,10,False
air_emission_sites_within_1000m,pm25,0.2683,0.4536,10,False
air_emission_sites_within_1000m,no2,0.622,0.0549,10,False
air_emission_sites_within_1000m,so2,0.5046,0.1369,10,False
air_emission_sites_within_1000m,co,0.1402,0.6992,10,False
air_emission_sites_within_1000m,o3,-0.0122,0.9733,10,False
incineration_sites_within_1000m,pm10,0.3559,0.3129,10,False
incineration_sites_within_1000m,pm25,0.5031,0.1383,10,False
incineration_sites_within_1000m,no2,0.4295,0.2155,10,False
incineration_sites_within_1000m,so2,0.2817,0.4303,10,False
incineration_sites_within_1000m,co,-0.1963,0.5867,10,False
incineration_sites_within_1000m,o3,-0.0123,0.9732,10,False
factory_area_sum_within_1000m,pm10,0.0813,0.8233,10,False
factory_area_sum_within_1000m,pm25,0.1626,0.6536,10,False
factory_area_sum_within_1000m,no2,0.3752,0.2854,10,False
factory_area_sum_within_1000m,so2,0.2587,0.4704,10,False
factory_area_sum_within_1000m,co,-0.1,0.7833,10,False
factory_area_sum_within_1000m,o3,0.0,1.0,10,False
employees_sum_within_1000m,pm10,0.0438,0.9044,10,False
employees_sum_within_1000m,pm25,0.1751,0.6285,10,False
employees_sum_within_1000m,no2,0.3252,0.3593,10,False
employees_sum_within_1000m,so2,0.2461,0.4931,10,False
employees_sum_within_1000m,co,-0.2001,0.5794,10,False
employees_sum_within_1000m,o3,0.0375,0.918,10,False
source_locations_within_3000m,pm10,-0.0182,0.9602,10,False
source_locations_within_3000m,pm25,0.3576,0.3104,10,False
source_locations_within_3000m,no2,0.7455,0.0133,10,True
source_locations_within_3000m,so2,0.6728,0.033,10,True
source_locations_within_3000m,co,-0.3818,0.2763,10,False
source_locations_within_3000m,o3,-0.2727,0.4458,10,False
